alias,category,unit_type,role,ref_field,variant_count,variants,nations,service_from,service_to,loadouts,displacement_t,length_m,beam_m,max_speed_kt,telegraph_kt,armor
civ_707,aircraft,Aircraft,Airliner,SquadronReference,9,"Default,Squadron1-8",US|UK|Germany|Japan|South_Korea|Australia,1958,1958,,,,,,,
civ_c340,aircraft,Aircraft,Airliner,SquadronReference,1,Default,US,1972,1972,,,,,,,
civ_dc-10,aircraft,Aircraft,Airliner,SquadronReference,12,"Default,Squadron1-11",US|France|Germany|UK|Thailand|Singapore|Japan|Italy,1971,1971,,,,,,,
civ_h700,aircraft,Aircraft,Airliner,SquadronReference,1,Default,US,1977,1977,,,,,,,
civ_il-18,aircraft,Aircraft,Airliner,SquadronReference,12,"Default,Squadron1-11",Soviet|DDR|Poland|Czech|Cuba|North_Korea|Romania|Vietnam|Ghana|Mali,1958,1958,,,,,,,
civ_il-62,aircraft,Aircraft,Airliner,SquadronReference,6,"Default,Squadron1-5",Soviet|DDR|Poland|Czech|North_Korea,1967,1967,,,,,,,
civ_tu-154,aircraft,Aircraft,Airliner,SquadronReference,7,"Default,Squadron1-6",Soviet|DDR|Poland|Cuba|North_Korea|Romania,1972,1972,,,,,,,
civ_v35,aircraft,Aircraft,Airliner,SquadronReference,1,Default,US,1966,1966,,,,,,,
fr_alouette_II,aircraft,Helicopter,"Attack,Transport,SAR",SquadronReference,11,"Default,Squadron1-10",France|Belgium|Germany|Portugal|Spain|Switzerland|Sweden|Turkey|Brazil|Philippines,1957,1957,"AntiArmor,AntiShip,Passengers",,9.25,,,,
fr_as-350,aircraft,Helicopter,Transport,SquadronReference,3,"Default,Squadron1,Squadron2",France|Australia|US,1966,1966,Transport,,,,,,
fr_f1a,aircraft,Aircraft,"Fighter,Bomber",SquadronReference,7,"Default,Squadron1-6",France|Libya|South_Africa,1974,1978,"Empty,AirToAir,Strike,StrikeLongRange,AntiShip,Ferry",,,,,,
fr_f1c,aircraft,Aircraft,"Fighter,Bomber",SquadronReference,12,"Default,Squadron1-11",France|Greece|Jordan|South_Africa|Spain|Kuwait,1974,1974,"Empty,AirToAir,Strike,StrikeLongRange,AntiShip,Ferry",,,,,,
fr_f1e,aircraft,Aircraft,"Fighter,Bomber",SquadronReference,12,"Default,Squadron1-11",France|Ecuador|Iraq|Jordan|Libya|Spain|Qatar,1974,1974,"Empty,AirToAir,Strike,StrikeLongRange,AntiShip,Ferry",,,,,,
fr_h700,aircraft,Aircraft,Bomber,SquadronReference,1,Default,US,1977,1977,"Empty,AntiShip",,,,,,
fr_mirage_iii,aircraft,Aircraft,"Fighter,Bomber",SquadronReference,7,"Default,Squadron1-6",France|Australia|Switzerland|Argentina,1965,1974,"AirToAir,AirToAirLongRange,Strike,StrikeLongRange",,,,,,
fr_sa-321,aircraft,Helicopter,"ASW,Attack,SAR",SquadronReference,5,"Default,Squadron1-4",Iraq|France,1966,1977,"AntiShipPrecision,AntiShip,ASWKiller",,,,,,
iaf_f-4e_kurnass,aircraft,Aircraft,"Fighter,Bomber,SEAD",SquadronReference,6,"Default,Squadron1-5",Israel,1969,1969,"AirToAir,Strike,StrikeLongRange,StrikePrecision,AntiShip,SEAD,SEADAdvanced",,,,,,
iaf_md500,aircraft,Helicopter,"Attack,SAR",SquadronReference,4,"Default,Squadron1-3",Israel|US,1967,1967,AntiArmor,,,,,,
iqaf_md500,aircraft,Helicopter,"Attack,SAR",SquadronReference,5,"Default,Squadron1-4",Iraq|US,1967,1967,"CAS,AntiArmor,Recon",,,,,,
iriaf_ah-1j,aircraft,Helicopter,ASuW,SquadronReference,4,"Default,Squadron1-3",Iran,1971,1971,"CAS,AntiArmor",,,,,,
iriaf_f-14a,aircraft,Aircraft,Fighter,SquadronReference,4,"Default,Squadron1-3",Iran,1976,1976,"AirToAirLongRange,AirToAir,AirToAirIntercept",,,,,,
iriaf_f-4d,aircraft,Aircraft,"Fighter,Bomber,SEAD",SquadronReference,3,"Default,Squadron1,Squadron2",Iran,1968,1968,"AirToAir,AirToAirLongRange,CAS,Strike,SEAD,StrikePrecision",,,,,,
iriaf_f-4e,aircraft,Aircraft,"Fighter,Bomber,SEAD",SquadronReference,12,"Default,Squadron1-11",Iran,1971,1971,"AirToAir,AirToAirLongRange,Strike,StrikePrecision,CAS,AntiArmor,SEAD,SEADAdvanced",,,,,,
irina_sh-3d,aircraft,Helicopter,"ASW,MPA,SAR",SquadronReference,4,"Default,Squadron1-3",Iran,1970,1970,"ASW,ASWKiller,ASWHunter,ASWHunterLight",,,,,,
jasdf_f-1,aircraft,Aircraft,"Fighter,Bomber",SquadronReference,4,"Default,Squadron1-3",Japan,1977,1977,"AirToAir,AirToAirLongRange,Strike,StrikeLongRange,StrikeHeavy,AntiShip,CAS",,,,,,
jasdf_f-4ej,aircraft,Aircraft,"Fighter,Bomber,SEAD",SquadronReference,7,"Default,Squadron1-6",Japan,1972,1972,"AirToAir,AirToAirLongRange",,,,,,
jasdf_t-2,aircraft,Aircraft,"Fighter,Bomber",SquadronReference,7,"Default,Squadron1-6",Japan,1975,1975,"AirToAir,CAS",,,,,,
jmsdf_hss-2,aircraft,Helicopter,"ASW,SAR",SquadronReference,2,"Default,Squadron1",Japan,1964,1964,"ASW,ASWKiller,ASWHunter,ASWHunterLight",,,,,,
jmsdf_ps-1,aircraft,Aircraft,"MPA,ASW",SquadronReference,2,"Default,Squadron1",Japan,1971,1971,"ASW,ASWHunter",,,,,,
jmsdf_us-1,aircraft,Aircraft,MPA,SquadronReference,2,"Default,Squadron1",Japan,1975,1975,,,,,,,
pla_f-5,aircraft,Aircraft,"Fighter,Bomber",SquadronReference,5,"Default,Squadron1-4",China|North_Korea|Pakistan,1957,1957,"AirToAir,Strike,StrikeLongRange,CAS,Gun",,11.1,,,,
pla_h-6a,aircraft,Aircraft,HeavyBomber,SquadronReference,7,"Default,Squadron1-6",China,1968,1968,"StrikeHeavy,Strike,StrikeLongRange",,34.8,,,,
pla_h-6d,aircraft,Aircraft,HeavyBomber,SquadronReference,7,"Default,Squadron1-6",China,1980,1980,"AntiShip,Strike,StrikeLongRange",,34.8,,,,
pla_j-5,aircraft,Aircraft,"Fighter,Bomber",SquadronReference,2,"Default,Squadron1",China,1957,1957,"AirToAir,Strike,StrikeLongRange,CAS,Gun",,11.1,,,,
pla_j-7c,aircraft,Aircraft,"Fighter,Bomber",SquadronReference,4,"Default,Squadron1-3",China|North_Korea,1989,1989,"AirToAir,AirToAirLongRange,Strike,StrikeLongRange,CAS,AntiArmor,Recon,Gun",,14.1,,,,
pla_q-5,aircraft,Aircraft,"Recon,Bomber",SquadronReference,11,"Default,Squadron1-10",China|Pakistan|Cuba,1970,1970,"CAS,Strike,StrikeLongRange",,15.65,,,,
pla_q-5a,aircraft,Aircraft,"Recon,Bomber",SquadronReference,9,"Default,Squadron1-8",China,1983,1983,"CAS,Strike,StrikeLongRange",,15.65,,,,
pla_z-8,aircraft,Helicopter,"ASW,Attack",SquadronReference,9,"Default,Squadron1-8",China|North_Korea,1985,1985,"AntiShip,ASWKiller",,,,,,
plan_sh-5,aircraft,Aircraft,"MPA,ASW",SquadronReference,2,"Default,Squadron1",China,1986,1986,"Empty,AntiShip,ASW,Strike",,,,,,
raaf_f-111c,aircraft,Aircraft,"Bomber,SEAD",SquadronReference,3,"Default,Squadron1,Squadron2",Australia,1973,1979,"Strike,StrikePrecision,StrikeHeavy,AntiShip,AntiShipLongRange,AntiShipHeavy,AntiShipPrecision",,24.6,,,,
ran_a-4g,aircraft,Aircraft,Bomber,SquadronReference,3,"Default,Squadron1,Squadron2",US|Australia|NewZealand,1959,1959,"AirToAir,Strike,StrikeLongRange,StrikeHeavy,AntiShip,AntiShipLongRange,CAS",,,,,,
usaf_b-52d,aircraft,Aircraft,HeavyBomber,SquadronReference,3,"Default,Squadron1,Squadron2",US,1956,1956,"Empty,StrikeHeavy,StrikeLongRange",,,,,,
usaf_b-52g,aircraft,Aircraft,HeavyBomber,SquadronReference,5,"Default,Squadron1-4",US,1958,1958,"StrikeHeavy,AntiShipHeavy,LandAttack",,,,,,
usaf_c-141b,aircraft,Aircraft,Transport,SquadronReference,3,"Default,Squadron1,Squadron2",US,1965,1965,Transport,,,,,,
usaf_e-3a,aircraft,Aircraft,AEW,SquadronReference,3,"Default,Squadron1,Squadron2",US,1977,1977,AEW,,,,,,
usaf_f-15a,aircraft,Aircraft,Fighter,SquadronReference,8,"Default,Squadron1-7",US,1972,1972,"AirToAir,AirToAirLongRange",,,,,,
usaf_f-15c,aircraft,Aircraft,Fighter,SquadronReference,13,"Default,Squadron1-12",US,1979,1979,"AirToAir,AirToAirLongRange",,,,,,
usaf_f-4d,aircraft,Aircraft,"Fighter,Bomber,SEAD",SquadronReference,10,"Default,Squadron1-9",US,1966,1966,"AirToAir,AirToAirLongRange,CAS,Strike,SEAD,StrikePrecision",,,,,,
usaf_f-4e,aircraft,Aircraft,"Fighter,Bomber,SEAD",SquadronReference,13,"Default,Squadron1-12",US,1967,1967,"AirToAir,AirToAirLongRange,Strike,StrikeLowAlt,StrikePrecision,StrikeDemo,CAS,AntiArmor,SEAD",,,,,,
usaf_f-5a,aircraft,Aircraft,"Fighter,Bomber",SquadronReference,25,"Default,Squadron1-24",US|Greece|Netherlands|Norway|Philippines|South_Vietnam|Spain|Turkey,1962,1962,"AirToAir,AirToAirLongRange,Strike,StrikeLongRange,StrikePrecision,CAS",,,,,,
usaf_f-5e,aircraft,Aircraft,"Fighter,Bomber",SquadronReference,61,"Default,Squadron1-60",US|Iran|Brazil|Chile|Indonesia|Jordan|Malaysia|Mexico|Morocco|RoC|Saudi|South_Korea|Switzerland|Sudan|Thailand|Tunisia|Vietnam,1972,1972,"AirToAir,AirToAirLongRange,Strike,StrikeLongRange,CAS",,,,,,
usaf_hh-3,aircraft,Helicopter,Transport,SquadronReference,3,"Default,Squadron1,Squadron2",US,1966,1966,Transport,,,,,,
usaf_kc-135a,aircraft,Aircraft,EW,SquadronReference,9,"Default,Squadron1-8",US|UK|Germany|Japan|South_Korea|Australia,1958,1958,,,,,,,
usaf_vc-137c,aircraft,Aircraft,Airliner,SquadronReference,2,"Default,Squadron1",US,1972,1972,,,,,,,
usmc_ah-1t,aircraft,Helicopter,Attack,SquadronReference,9,"Default,Squadron1-8",US,1977,1977,"CAS,AntiArmor,AirToAir,SEADAdvanced",,,,,,
usmc_av-8a,aircraft,VTOL,"Fighter,Bomber",SquadronReference,6,"Default,Squadron1-5",US,1971,1971,"AirToAir,AntiShip,Strike,StrikeHeavy,SEAD,SEADAdvanced,CAS",,,,,,
usn_a-3b,aircraft,Aircraft,Bomber,SquadronReference,6,"Default,Squadron1-5",US,1956,1956,Strike,,,,,,
usn_a-6e,aircraft,Aircraft,Bomber,SquadronReference,12,"Default,Squadron1-11",US,1979,1979,"Strike,StrikeLongRange,StrikePrecision,AntiShip,AntiShipLongRange,AntiShipHeavy,AntiShipPrecision,SEAD,SEADLongRange,SEADAdvanced,Tanker",,,,,,
usn_a-7e,aircraft,Aircraft,"Bomber,SEAD",SquadronReference,24,"Default,Squadron1-23",US,1969,1969,"Strike,StrikeLongRange,StrikePrecision,SEAD,SEADLongRange,SEADAdvanced,CAS",,,,,,
usn_ch-46,aircraft,Helicopter,"Transport,SAR",SquadronReference,11,"Default,Squadron1-10",US,1964,1964,Transport,,,,,,
usn_e-2c,aircraft,Aircraft,"AEW,ESM",SquadronReference,11,"Default,Squadron1-10",US,1973,1973,AEW,,,,,,
usn_ea-6b,aircraft,Aircraft,"EW,ESM,SEAD",SquadronReference,11,"Default,Squadron1-10",US,1976,1976,"EW,SEADAdvanced,Empty",,,,,,
usn_eka-3b,aircraft,Aircraft,"EW,ESM",SquadronReference,3,"Default,Squadron1,Squadron2",US,1967,1967,Empty,,,,,,
usn_f-14a,aircraft,Aircraft,Fighter,SquadronReference,22,"Default,Squadron1-21",US,1975,1975,"AirToAirLongRange,AirToAir,AirToAirIntercept",,,,,,
usn_f-4j,aircraft,Aircraft,"Fighter,Bomber,SEAD",SquadronReference,21,"Default,Squadron1-20",US,1966,1966,"AirToAir,AirToAirLongRange,AirToAirIntercept,Strike,StrikeLongRange,CAS,SEAD",,,,,,
usn_fa-18a,aircraft,Aircraft,"Fighter,Bomber,SEAD",SquadronReference,21,"Default,Squadron1-10,Squadron13-22",US|Australia|Canada|Spain,1984,1984,"AirToAir,AirToAirLongRange,Strike,StrikeLongRange,StrikeLowAlt,StrikeHeavy,StrikePrecision,AntiShip,AntiShipHeavy,SEAD,SEADLongRange,CAS",,,,,,
usn_ka-3b,aircraft,Aircraft,"EW,ESM",SquadronReference,3,"Default,Squadron1,Squadron2",US,1956,1956,Empty,,,,,,
usn_p-2h,aircraft,Aircraft,"MPA,ASW,AEW",SquadronReference,14,"Default,Squadron1-13",US|Japan|France|Canada|Portugal|Australia|Netherlands,1954,1954,"ASW,Strike,StrikeHeavy,Recon",,,,,,
usn_p-3c,aircraft,Aircraft,"MPA,ASW,Bomber,ESM",SquadronReference,35,"Default,Squadron1-34",US|Japan|Norway|Australia|NewZealand,1977,1977,"Empty,Ferry,ASW,Strike,AntiShip,AntiShipHeavy,Recon",,,,,,
usn_qh-50c,aircraft,Helicopter,"ASW,MPA",SquadronReference,2,"Default,Squadron1",US,1962,1962,"ASW,ASWKiller",,,,,,
usn_qh-50d,aircraft,Helicopter,ASW,SquadronReference,3,"Default,Squadron1,Squadron2",US|Japan,1966,1966,"ASW,ASWKiller",,,,,,
usn_ra-3b,aircraft,Aircraft,Recon,SquadronReference,3,"Default,Squadron1,Squadron2",US,1956,1956,Recon,,,,,,
usn_ra-5c,aircraft,Aircraft,"Recon,ESM",SquadronReference,11,"Default,Squadron1-10",US,1962,1962,Recon,,,,,,
usn_s-3a,aircraft,Aircraft,"MPA,ASW,ESM",SquadronReference,11,"Default,Squadron1-10",US,1974,1974,"ASW,ASWBomb,Strike,StrikeHeavy,StrikeLongRange,AntiShip,CAS",,,,,,
usn_sh-2f,aircraft,Helicopter,"ASW,MPA,SAR",SquadronReference,12,"Default,Squadron1-11",US,1973,1973,"ASW,ASWKiller,ASWHunter,ASWHunterLight,ASWLongRange,ASWBomb,Transport",,,,,,
usn_sh-3h,aircraft,Helicopter,"ASW,SAR",SquadronReference,3,"Default,Squadron1,Squadron2",US|Iran,1975,1975,"ASW,ASWKiller,ASWHunter,ASWHunterLight,ASWBomb",,,,,,
usn_v-19a,aircraft,VTOL,"ASW,Bomber",SquadronReference,4,"Default,Squadron1-3",US,1980,1980,"ASW,ASWLongRange,ASWHunter,ASWKiller,ASWBomb,Strike,CAS,Ferry",,,,,,
wp_il-38,aircraft,Aircraft,"MPA,ASW",SquadronReference,4,"Default,Squadron1-3",Soviet,1969,1969,"ASW,ASWBomb",,40,,,,
wp_ka-25,aircraft,Helicopter,"ASW,MPA,SAR",SquadronReference,5,"Default,Squadron1-4",Soviet,1967,1967,"ASWHunter,ASWHunterLight,ASWKiller,ASWBomb,Strike,CAS",,9.75,,,,
wp_ka-25ts,aircraft,Helicopter,"Targeting,MPA,SAR",SquadronReference,5,"Default,Squadron1-4",Soviet,1971,1971,AEW,,9.75,,,,
wp_ka-27,aircraft,Helicopter,"ASW,MPA,SAR",SquadronReference,9,"Default,Squadron1-8",Soviet,1977,1977,"ASW,ASWKiller,ASWHunterLight,ASWBomb,Strike,CAS,AntiArmor",,12.25,,,,
wp_ka-29,aircraft,Helicopter,"Attack,Transport,SAR",SquadronReference,4,"Default,Squadron1-3",Soviet,1985,1985,"Strike,CAS,AntiArmor",,12.25,,,,
wp_lim-6,aircraft,Aircraft,"Fighter,Bomber",SquadronReference,5,"Default,Squadron1-4",Poland|DDR,1963,1963,"AirToAir,Strike,StrikeHeavy,StrikeLongRange,CAS",,11.1,,,,
wp_mi-14,aircraft,Helicopter,"ASW,MPA",SquadronReference,7,"Default,Squadron1-6",Soviet|DDR|Poland,1973,1973,"ASW,ASWKiller,ASWHunter,ASWHunterLight,ASWBomb,Strike,StrikeLongRange,CAS",,25.2,,,,
wp_mig-17,aircraft,Aircraft,"Fighter,Bomber",SquadronReference,16,"Default,Squadron1-15",Soviet|Vietnam|Egypt|Syria|Algeria|Cuba,1951,1951,"AirToAir,Strike,StrikeLongRange,CAS,Gun",,11.1,,,,
wp_mig-21,aircraft,Aircraft,"Fighter,Bomber",SquadronReference,53,"Default,Squadron1-52",Soviet|DDR|Poland|Vietnam|Egypt|Syria|Cuba|South_Yemen,1970,1970,"AirToAir,AirToAirLongRange,Strike,StrikeLongRange,CAS,AntiArmor,Recon,Gun",,14.1,,,,
wp_mig-23a,aircraft,Aircraft,"Fighter,Bomber",SquadronReference,7,"Default,Squadron1-6",Soviet,1983,1983,"AirToAir,AirToAirLongRange,AirToAirIntercept,Strike,StrikeLongRange,StrikePrecision,CAS,AntiArmor,Recon,Gun",,16.7,,,,
wp_mig-23mld,aircraft,Aircraft,"Fighter,Bomber",SquadronReference,23,"Default,Squadron1-22",Soviet|DDR|Cuba,1982,1982,"AirToAir,AirToAirLongRange,AirToAirIntercept,Strike,StrikeLongRange,StrikePrecision,CAS,AntiArmor,Gun",,16.7,,,,
wp_mig-23ms,aircraft,Aircraft,"Fighter,Bomber",SquadronReference,10,"Default,Squadron1-9",Soviet|Iraq|Libya|Syria,1973,1973,"AirToAir,Strike,StrikeLongRange,CAS,AntiArmor,Gun",,16.7,,,,
wp_mig-25bm,aircraft,Aircraft,Fighter,SquadronReference,4,"Default,Squadron1-3",Soviet,1977,1977,SEAD,,23.3,,,,
wp_mig-25p,aircraft,Aircraft,Fighter,SquadronReference,6,"Default,Squadron1-5",Soviet|Iraq|Libya,1970,1970,AirToAirIntercept,,23.3,,,,
wp_mig-25pd,aircraft,Aircraft,Fighter,SquadronReference,7,"Default,Squadron1-6",Soviet,1978,1978,"AirToAirIntercept,AirToAirLongRange",,23.3,,,,
wp_mig-25pu,aircraft,Aircraft,Fighter,SquadronReference,2,"Default,Squadron1",Soviet,1970,1970,AirToAir,,23.3,,,,
wp_mig-25rb,aircraft,Aircraft,"Recon,Bomber,ESM",SquadronReference,7,"Default,Squadron1-6",Soviet|Iraq|Libya,1970,1970,"Recon,Strike,StrikeLongRange",,23.3,,,,
wp_mig-27,aircraft,Aircraft,Bomber,SquadronReference,9,"Default,Squadron1-8",Soviet,1972,1972,"StrikePrecision,Strike,StrikeLongRange,SEAD,SEADLongRange,CAS,AntiArmor,AntiShip,Gun",,17.1,,,,
wp_mig-28,aircraft,Aircraft,"Fighter,Bomber",SquadronReference,3,"Default,Squadron1,Squadron2",Soviet|Cuba,1986,1986,"AirToAir,AirToAirLongRange,Strike,StrikeLongRange,StrikePrecision,SEAD,CAS,AntiArmor,Gun",,14.7,,,,
wp_p-42,aircraft,Aircraft,"MPA,ASW,ESM",SquadronReference,4,"Default,Squadron1-3",Soviet,1983,1983,ASW,,20,,,,
wp_p-42_rldn,aircraft,Aircraft,"AEW,ESM",SquadronReference,4,"Default,Squadron1-3",Soviet,1983,1983,AEW,,20,,,,
wp_su-15,aircraft,Aircraft,Fighter,SquadronReference,18,"Default,Squadron1-17",Soviet,1965,1965,"AirToAirIntercept,AirToAirLongRange,AirToAir,Gun",,22,,,,
wp_su-24a,aircraft,Aircraft,"Bomber,SEAD",SquadronReference,5,"Default,Squadron1-4",Soviet,1972,1972,"Strike,StrikeLongRange,StrikePrecision,StrikeHeavy,CAS,AntiArmor,AntiShip,AntiShipLongRange,SEAD,Recon,Gun",,24.6,,,,
wp_su-24m,aircraft,Aircraft,"Bomber,SEAD",SquadronReference,4,"Default,Squadron1-3",Soviet,1979,1979,"Strike,StrikeLongRange,StrikePrecision,StrikeHeavy,StrikeDemo,CAS,AntiArmor,AntiShip,AntiShipLongRange,AntiShipPrecision,SEAD,SEADLongRange,Recon,Gun",,24.6,,,,
wp_taifun,aircraft,Aircraft,"Bomber,SEAD",SquadronReference,4,"Default,Squadron1-3",Soviet,1983,1983,"AntiShipPrecision,Strike,StrikeLongRange,StrikePrecision,SEAD,SEADLongRange,CAS,Recon,Gun,Tanker",,15.7,,,,
wp_taifun_ew,aircraft,Aircraft,"EW,ESM,SEAD",SquadronReference,4,"Default,Squadron1-3",Soviet,1983,1983,"SEADLongRange,SEAD,EW",,15.7,,,,
wp_tu-142m,aircraft,Aircraft,"MPA,ASW",SquadronReference,5,"Default,Squadron1-4",Soviet,1975,1975,ASW,,51.5,,,,
wp_tu-16,aircraft,Aircraft,HeavyBomber,SquadronReference,7,"Default,Squadron1-6",Soviet|Egypt|Iraq,1954,1954,"StrikeHeavy,Strike,StrikeLongRange,StrikeDemolition",,34.8,,,,
wp_tu-16k,aircraft,Aircraft,HeavyBomber,SquadronReference,13,"Default,Squadron1-12",Soviet,1959,1959,"Strike,StrikeLongRange,StrikeHeavy,SEAD",,34.8,,,,
wp_tu-16n,aircraft,Aircraft,EW,SquadronReference,13,"Default,Squadron1-12",Soviet,1959,1959,"Strike,StrikeLongRange,StrikeHeavy,SEAD",,34.8,,,,
wp_tu-16p,aircraft,Aircraft,"EW,ESM",SquadronReference,7,"Default,Squadron1-6",Soviet,1959,1959,EW,,34.8,,,,
wp_tu-22m2,aircraft,Aircraft,HeavyBomber,SquadronReference,15,"Default,Squadron1-14",Soviet,1976,1976,"AntiShip,AntiShipLongRange,AntiShipHeavy,StrikeLongRange,StrikeHeavy",,41.5,,,,
wp_tu-95rt,aircraft,Aircraft,"MPA,ESM",SquadronReference,5,"Default,Squadron1-4",Soviet,1963,1963,,,46.9,,,,
wp_yak-38,aircraft,VTOL,Bomber,SquadronReference,5,"Default,Squadron1-4",Soviet,1976,1976,"AirToAir,AirToAirLongRange,AirToAirIntercept,Strike,StrikeHeavy,StrikeLongRange,StrikePrecision,CAS,AntiArmor,AntiShip",,16,,,,
bio_blue_whale,biologic,Biologic,AAW,VariantReference,1,Default,Unknown,,,,150,25,4,20,"-3,0,5,8,12,15,20",None
bio_fin_whale,biologic,Biologic,AAW,VariantReference,1,Default,Unknown,,,,150,25,4,20,"-3,0,5,8,12,15,20",None
bio_humpback_whale,biologic,Biologic,AAW,VariantReference,1,Default,Unknown,,,,150,25,4,20,"-2,0,5,8,10,12,14",None
airfield_small_1,land_units,LandUnit,Airfield,VariantReference,6,"Default,Variant1-5",US|Vietnam|China|Japan,,,,,,,,,None
civ_car_pickup_1983_type63,land_units,LandUnit,"AAW,Gun",VariantReference,10,"Default,Variant1-9",Terrorists|Syria|Iraq|Iran|Egypt|Pakistan|South_Yemen|North_Korea|Cuba,,,,,4.9,1.7,81,,None
civ_car_pickup_1983_ub-16,land_units,LandUnit,Gun,VariantReference,10,"Default,Variant1-9",Terrorists|Syria|Iraq|Iran|Egypt|Pakistan|South_Yemen|North_Korea|Cuba,,,,,4.9,1.7,81,,None
civ_car_pickup_1983_zu-23,land_units,LandUnit,"AAW,Gun",VariantReference,10,"Default,Variant1-9",Terrorists|Syria|Iraq|Iran|Egypt|Pakistan|South_Yemen|North_Korea|Cuba,,,,,4.9,1.7,81,,None
civ_comm_buildings,land_units,LandUnit,"Radar,ESM",VariantReference,1,Default,US,,,,,,,,,None
civ_radiostation,land_units,LandUnit,"Radar,ESM",VariantReference,1,Default,US,,,,,,,,,None
civ_spar_rig,land_units,LandUnit,Target,VariantReference,1,Default,US,,,,,,,,,None
civ_tgt_bridge_3_part,land_units,LandUnit,Target,VariantReference,2,"Default,Variant1",Unknown,,,,,,,,,Minor
civ_tgt_bridge_6_part,land_units,LandUnit,Target,VariantReference,2,"Default,Variant1",Unknown,,,,,,,,,Minor
civ_tgt_bridge_arches_6_part,land_units,LandUnit,Target,VariantReference,2,"Default,Variant1",Unknown,,,,,,,,,Minor
fin_100_56_TK,land_units,LandUnit,"ASuW,Gun",VariantReference,2,"Default,Variant1",Finland,,,,,,,,,Moderate
iqa_mbt_t-55_70,land_units,LandUnit,Gun,VariantReference,3,"Default,Variant1,Variant2",Iraq,,,,,6.2,3.27,27,,Moderate
is_airbase_akureyri,land_units,LandUnit,Airfield,VariantReference,3,"Default,Variant1,Variant2",Iceland|UK,,,,,,,,,None
is_airbase_isafjordur,land_units,LandUnit,Airfield,VariantReference,2,"Default,Variant1",Iceland,,,,,,,,,None
is_airbase_keflavik,land_units,LandUnit,Airfield,VariantReference,2,"Default,Variant1",Iceland,,,,,,,,,None
is_airbase_reykjavik,land_units,LandUnit,Airfield,VariantReference,3,"Default,Variant1,Variant2",Iceland|UK,,,,,,,,,None
jsdf_apc_type60,land_units,LandUnit,Gun,VariantReference,3,"Default,Variant1,Variant2",Japan,,,,,4.9,2.4,24.2,,Minor
jsdf_apc_type73,land_units,LandUnit,Gun,VariantReference,2,"Default,Variant1",Japan,,,,,5.6,2.8,32.4,,Minor
jsdf_mbt_type74,land_units,LandUnit,Gun,VariantReference,3,"Default,Variant1,Variant2",Japan,,,,,9.4,3.2,28.6,,Moderate
jsdf_sam_type81,land_units,LandUnit,"AAW,SAM",VariantReference,2,"Default,Variant1",Japan,,,,,7.15,2.49,48.5,,None
nato_aaa_gdf,land_units,LandUnit,"AAW,Gun",VariantReference,9,"Default,Variant1-8",Switzerland|UK|Spain|Italy|Belgium|Denmark|Germany|Japan,,,,,3.15,1.2,,,None
nato_ewr_station,land_units,LandUnit,Target,VariantReference,9,"Default,Variant1-8",US|UK|France|Spain|Greece|Canada|Australia|Germany,,,,,,,,,Minor
nato_fps-20_radar,land_units,LandUnit,Radar,VariantReference,3,"Default,Variant1,Variant2",US|Philippines,,,,,,,,,Minor
nato_fps-6_radar,land_units,LandUnit,Radar,VariantReference,3,"Default,Variant1,Variant2",US|Philippines,,,,,,,,,Minor
nato_large_ewr_station,land_units,LandUnit,Target,VariantReference,2,"Default,Variant1",US|UK,,,,,,,,,Minor
nato_radar,land_units,LandUnit,Radar,VariantReference,8,"Default,Variant1-7",US|UK|Spain|Italy|Belgium|Denmark|Germany,,,,,,,,,Minor
nato_sam_skyguard,land_units,LandUnit,"AAW,SAM",VariantReference,7,"Default,Variant1-6",Switzerland|Egypt|Greece|Spain|Italy|RoC|Thailand,,,,,3.15,1.2,,,None
nato_small_airbase,land_units,LandUnit,Airfield,VariantReference,2,"Default,Variant1",US,,,,,,,,,None
nato_tps-27_radar,land_units,LandUnit,Radar,VariantReference,8,"Default,Variant1-7",US|UK|Spain|Italy|Belgium|Denmark|Germany,,,,,,,,,Minor
nato_very_small_airbase,land_units,LandUnit,Airfield,VariantReference,2,"Default,Variant1",US,,,,,,,,,None
nv_130mm_coastal_artillery,land_units,LandUnit,"ASuW,Gun",VariantReference,2,"Default,Variant1",Vietnam,,,,,,,,,Minor
nv_bofors,land_units,LandUnit,"AAW,Gun",VariantReference,2,"Default,Variant1",Vietnam,,,,,,,,,None
nv_coastal_artillery,land_units,LandUnit,"ASuW,Gun",VariantReference,2,"Default,Variant1",Vietnam,,,,,,,,,None
nv_headquarters,land_units,LandUnit,Target,VariantReference,2,"Default,Variant1",Vietnam,,,,,352.1,,,,Minor
nv_ks-19,land_units,LandUnit,"ASuW,Gun",VariantReference,3,"Default,Variant1,Variant2",Vietnam|Soviet,,,,,,,,,None
nv_mlrs_grad_emplacement,land_units,LandUnit,Gun,VariantReference,2,"Default,Variant1",Vietnam,,,,,,,,,None
nv_pt_boats_docks,land_units,LandUnit,Target,VariantReference,2,"Default,Variant1",Vietnam,,,,,,,,,Moderate
nv_pt_boats_docks_small,land_units,LandUnit,Target,VariantReference,2,"Default,Variant1",Vietnam,,,,,352.1,,,,Minor
nv_s-60,land_units,LandUnit,"AAW,Gun",VariantReference,2,"Default,Variant1",Vietnam,,,,,,,,,None
nv_watchtower,land_units,LandUnit,"Radar,ESM",VariantReference,2,"Default,Variant1",Vietnam,,,,,,,,,None
nv_zu-23,land_units,LandUnit,"AAW,Gun",VariantReference,2,"Default,Variant1",Vietnam,,,,,,,,,None
oil_terminal_1,land_units,LandUnit,Target,VariantReference,2,"Default,Variant1",Vietnam,,,,,,,,,None
oil_terminal_2,land_units,LandUnit,Target,VariantReference,2,"Default,Variant1",Vietnam,,,,,,,,,None
oil_terminal_3,land_units,LandUnit,Target,VariantReference,2,"Default,Variant1",Vietnam,,,,,,,,,None
pla_aaa_type55,land_units,LandUnit,"AAW,Gun",VariantReference,4,"Default,Variant1-3",China|Vietnam,,,,,,,,,None
pla_aaa_type65,land_units,LandUnit,"AAW,Gun",VariantReference,4,"Default,Variant1-3",China|Vietnam,,,,,,,,,None
pla_apc_type63,land_units,LandUnit,Gun,VariantReference,2,"Default,Variant1",China,,,,,5.5,2.9,32.7,,Minor
pla_hy-1_launcher,land_units,LandUnit,"ASuW,ASM",VariantReference,5,"Default,Variant1-4",China|Iran|Iraq|North_Korea,,,,,,,,,None
pla_hy-2_launcher,land_units,LandUnit,"ASuW,ASM",VariantReference,5,"Default,Variant1-4",China|Iran|Iraq|North_Korea,,,,,,,,,None
pla_hy-3_launcher,land_units,LandUnit,"ASuW,ASM",VariantReference,2,"Default,Variant1",China,,,,,,,,,None
pla_hy-4_launcher,land_units,LandUnit,"ASuW,ASM",VariantReference,3,"Default,Variant1,Variant2",China|Iran,,,,,,,,,None
pla_lt_type_63,land_units,LandUnit,Gun,VariantReference,8,"Default,Variant1-7",China|Vietnam|North_Korea|Iraq|Pakistan|Myanmar|Sri_Lanka,,,,,7.15,3.2,34.5,,Moderate
pla_spaag_type63,land_units,LandUnit,Gun,VariantReference,3,"Default,Variant1,Variant2",China|Vietnam,,,,,6.4,3.0,29.7,,Minor
port_ashdod,land_units,LandUnit,Port,VariantReference,2,"Default,Variant1",Israel,,,,,,,,,None
port_belfast,land_units,LandUnit,Port,VariantReference,2,"Default,Variant1",UK,,,,,,,,,None
port_chennai,land_units,LandUnit,Port,VariantReference,2,"Default,Variant1",India,,,,,,,,,None
port_cochin,land_units,LandUnit,Port,VariantReference,2,"Default,Variant1",India,,,,,,,,,None
port_diu,land_units,LandUnit,Port,VariantReference,2,"Default,Variant1",India,,,,,,,,,None
port_dover,land_units,LandUnit,Port,VariantReference,2,"Default,Variant1",UK,,,,,,,,,None
port_dublin,land_units,LandUnit,Port,VariantReference,2,"Default,Variant1",Ireland,,,,,,,,,None
port_eastcoast_charleston,land_units,LandUnit,Port,VariantReference,2,"Default,Variant1",US,,,,,,,,,None
port_eastcoast_halifax,land_units,LandUnit,Port,VariantReference,2,"Default,Variant1",Canada,,,,,,,,,None
port_eastcoast_jacksonville,land_units,LandUnit,Port,VariantReference,2,"Default,Variant1",US,,,,,,,,,None
port_eastcoast_mayport,land_units,LandUnit,Port,VariantReference,2,"Default,Variant1",US,,,,,,,,,None
port_eastcoast_newport,land_units,LandUnit,Port,VariantReference,2,"Default,Variant1",US,,,,,,,,,None
port_eastcoast_norfolk,land_units,LandUnit,Port,VariantReference,2,"Default,Variant1",US,,,,,,,,,None
port_felixstowe,land_units,LandUnit,Port,VariantReference,2,"Default,Variant1",UK,,,,,,,,,None
port_haifa,land_units,LandUnit,Port,VariantReference,2,"Default,Variant1",Israel,,,,,,,,,None
port_hmnb_clyde,land_units,LandUnit,Port,VariantReference,2,"Default,Variant1",UK,,,,,,,,,None
port_holyhead,land_units,LandUnit,Port,VariantReference,2,"Default,Variant1",UK,,,,,,,,,None
port_karachi,land_units,LandUnit,Port,VariantReference,2,"Default,Variant1",Pakistan,,,,,,,,,None
port_latakia,land_units,LandUnit,Port,VariantReference,2,"Default,Variant1",Syria,,,,,,,,,None
port_liverpool,land_units,LandUnit,Port,VariantReference,2,"Default,Variant1",UK,,,,,,,,,None
port_lossiemouth,land_units,LandUnit,Port,VariantReference,2,"Default,Variant1",UK,,,,,,,,,None
port_milford_haven,land_units,LandUnit,Port,VariantReference,2,"Default,Variant1",UK,,,,,,,,,None
port_mumbai,land_units,LandUnit,Port,VariantReference,2,"Default,Variant1",India,,,,,,,,,None
port_pg_asaluyeh,land_units,LandUnit,Port,VariantReference,2,"Default,Variant1",Iran,,,,,,,,,None
port_pg_bandar_abbas,land_units,LandUnit,Port,VariantReference,2,"Default,Variant1",Iran,,,,,,,,,None
port_pg_bandar_lengeh,land_units,LandUnit,Port,VariantReference,2,"Default,Variant1",Iran,,,,,,,,,None
port_pg_bushehr,land_units,LandUnit,Port,VariantReference,2,"Default,Variant1",Iran,,,,,,,,,None
port_pg_dammam,land_units,LandUnit,Port,VariantReference,2,"Default,Variant1",Iceland,,,,,,,,,None
port_pg_fujairah,land_units,LandUnit,Port,VariantReference,2,"Default,Variant1",Iceland,,,,,,,,,None
port_pg_kish,land_units,LandUnit,Port,VariantReference,2,"Default,Variant1",Iran,,,,,,,,,None
port_pg_kuwait,land_units,LandUnit,Port,VariantReference,2,"Default,Variant1",Kuwait,,,,,,,,,None
port_pg_minah_al_ahmadi,land_units,LandUnit,Port,VariantReference,2,"Default,Variant1",Iceland,,,,,,,,,None
port_pg_umm_quasr,land_units,LandUnit,Port,VariantReference,2,"Default,Variant1",Iraq,,,,,,,,,None
port_plymouth,land_units,LandUnit,Port,VariantReference,2,"Default,Variant1",UK,,,,,,,,,None
port_portsmouth,land_units,LandUnit,Port,VariantReference,2,"Default,Variant1",UK,,,,,,,,,None
port_telaviv,land_units,LandUnit,Port,VariantReference,2,"Default,Variant1",Israel,,,,,,,,,None
port_ussr_kandalaksha,land_units,LandUnit,Port,VariantReference,2,"Default,Variant1",Soviet,,,,,,,,,None
port_ussr_severomorsk,land_units,LandUnit,Port,VariantReference,2,"Default,Variant1",Soviet,,,,,,,,,None
port_weymouth,land_units,LandUnit,Port,VariantReference,2,"Default,Variant1",UK,,,,,,,,,None
raf_rapier_launcher,land_units,LandUnit,"AAW,SAM",VariantReference,5,"Default,Variant1-4",UK|Turkey|Libya|Iran,,,,,,,,,None
swe_ersta,land_units,LandUnit,"ASuW,Gun",VariantReference,2,"Default,Variant1",Norway,,,,,,,,,Moderate
tgt_ammo_depot_small,land_units,LandUnit,Target,VariantReference,2,"Default,Variant1",Soviet,,,,,,,,,Minor
tgt_fueltanks_large,land_units,LandUnit,Target,VariantReference,2,"Default,Variant1",Vietnam,,,,,,,,,Minor
tgt_fueltanks_large_brown,land_units,LandUnit,Target,VariantReference,2,"Default,Variant1",Vietnam,,,,,,,,,Minor
tgt_fueltanks_medium,land_units,LandUnit,Target,VariantReference,2,"Default,Variant1",Vietnam,,,,,,,,,Minor
tgt_fueltanks_medium_sandy,land_units,LandUnit,Target,VariantReference,2,"Default,Variant1",Vietnam,,,,,,,,,Minor
tgt_fueltanks_small,land_units,LandUnit,Target,VariantReference,2,"Default,Variant1",Vietnam,,,,,,,,,Minor
tgt_fueltanks_small_brown,land_units,LandUnit,Target,VariantReference,2,"Default,Variant1",Vietnam,,,,,,,,,Minor
tgt_industry_buildings_1,land_units,LandUnit,Target,VariantReference,2,"Default,Variant1",Vietnam,,,,,,,,,Minor
tgt_industry_buildings_2,land_units,LandUnit,Target,VariantReference,2,"Default,Variant1",Vietnam,,,,,,,,,Minor
tgt_industry_buildings_2_brown,land_units,LandUnit,Target,VariantReference,2,"Default,Variant1",Vietnam,,,,,,,,,Minor
tgt_industry_buildings_3,land_units,LandUnit,Target,VariantReference,2,"Default,Variant1",Vietnam,,,,,,,,,Minor
tgt_industry_buildings_4,land_units,LandUnit,Target,VariantReference,2,"Default,Variant1",Vietnam,,,,,,,,,Minor
tgt_refinery_small,land_units,LandUnit,Target,VariantReference,2,"Default,Variant1",Vietnam,,,,,,,,,Minor
tgt_refinery_small_2,land_units,LandUnit,Target,VariantReference,2,"Default,Variant1",Vietnam,,,,,,,,,Minor
tgt_refinery_small_3,land_units,LandUnit,Target,VariantReference,2,"Default,Variant1",Vietnam,,,,,,,,,Minor
us_cobra_dane_ewr,land_units,LandUnit,Target,VariantReference,2,"Default,Variant1",US,,,,,,,,,Minor
usa_aaa_m42,land_units,LandUnit,Gun,VariantReference,6,"Default,Variant1-5",US|Germany|South_Vietnam|Pakistan|Japan,,,,,5.82,3.23,38.8,,Minor
usa_aaa_m51,land_units,LandUnit,"AAW,Gun",VariantReference,3,"Default,Variant1,Variant2",US|Japan,,,,,7.6,2.5,0,,None
usa_aaa_vulcan,land_units,LandUnit,Gun,VariantReference,5,"Default,Variant1-4",US|Israel,,,,,4.9,2.9,36.7,,Minor
usa_apc_aav7,land_units,LandUnit,Gun,VariantReference,8,"Default,Variant1-7",US|Brazil|Japan|Spain|Italy|South_Korea|Thailand,,,,,7.94,3.27,38.9,,Minor
usa_apc_m113,land_units,LandUnit,Gun,VariantReference,10,"Default,Variant1-9",US|Germany|Iran|Israel|Pakistan|South_Korea|Turkey,,,,,4.9,2.7,34.5,,Minor
usa_car_hemtt,land_units,LandUnit,Transport,VariantReference,2,"Default,Variant1",US,,,,,10.4,2.4,62,,None
usa_car_hmmwv,land_units,LandUnit,Transport,VariantReference,4,"Default,Variant1-3",US,,,,,4.6,2.2,55,,None
usa_car_hmmwv_m2,land_units,LandUnit,Transport,VariantReference,4,"Default,Variant1-3",US,,,,,4.6,2.2,55,,None
usa_car_hmmwv_tow,land_units,LandUnit,Transport,VariantReference,4,"Default,Variant1-3",US,,,,,4.6,2.2,55,,None
usa_car_m923,land_units,LandUnit,Transport,VariantReference,2,"Default,Variant1",US,,,,,8.4,2.5,55,,None
usa_ifv_bradley,land_units,LandUnit,Gun,VariantReference,4,"Default,Variant1-3",US,,,,,6.5,3.2,35.6,,Minor
usa_mbt_abrams,land_units,LandUnit,Gun,VariantReference,3,"Default,Variant1,Variant2",US,,,,,9.8,3.66,36,,Heavy
usa_mbt_m60,land_units,LandUnit,Gun,VariantReference,6,"Default,Variant1-5",US|Iraq|Iran|Israel|Egypt,,,,,9.3,3.6,30,,Moderate
usa_mim-23_fcr,land_units,LandUnit,"Radar,ESM",VariantReference,2,"Default,Variant1",US,,,,,,,,,None
usa_mim-23_launcher,land_units,LandUnit,"AAW,SAM",VariantReference,2,"Default,Variant1",US,,,,,,,,,None
usa_mim-23_radar,land_units,LandUnit,"Radar,ESM",VariantReference,2,"Default,Variant1",US,,,,,,,,,None
usa_mlrs_m270,land_units,LandUnit,Gun,VariantReference,6,"Default,Variant1-5",US|UK|Germany|Japan|Israel,,,,,6.9,2.97,35,,Minor
usa_radar_tps-43,land_units,LandUnit,Radar,VariantReference,4,"Default,Variant1-3",US|Argentina|Spain,,,,,,,,,None
usa_radar_tps-63,land_units,LandUnit,Radar,VariantReference,9,"Default,Variant1-8",US|Egypt|Israel|Jordan|Kuwait|Morocco|South_Korea|Turkey,,,,,,,,,None
usa_sam_site_nike_hercules,land_units,LandUnit,"AAW,SAM",VariantReference,2,"Default,Variant1",US,,,,,,,,,Minor
usa_spa_m109a2,land_units,LandUnit,Gun,VariantReference,3,"Default,Variant1,Variant2",US|Pakistan,,,,,6.1,3.2,30,,Minor
usa_spa_m110a1,land_units,LandUnit,Gun,VariantReference,17,"Default,Variant1-16",US|UK|Germany|Japan|Israel|Pakistan|Egypt|Greece|Turkey|Belgium|Spain|Italy|Jordan|Iran|South_Korea|Morocco,,,,,6.5,3.15,30,,Minor
warehouses_1,land_units,LandUnit,Target,VariantReference,2,"Default,Variant1",Vietnam,,,,,352.1,,,,Minor
warehouses_2,land_units,LandUnit,Target,VariantReference,2,"Default,Variant1",Vietnam,,,,,352.1,,,,Minor
warehouses_3,land_units,LandUnit,Target,VariantReference,2,"Default,Variant1",Vietnam,,,,,352.1,,,,Minor
wp_aaa_61K,land_units,LandUnit,"AAW,Gun",VariantReference,10,"Default,Variant1-9",Soviet|Cuba|Vietnam|Iraq|Iran|North_Korea|Poland|Syria|Pakistan,,,,,,,,,None
wp_aaa_ural_61K,land_units,LandUnit,"AAW,Gun",VariantReference,10,"Default,Variant1-9",Soviet|Cuba|Vietnam|Iraq|Iran|North_Korea|Poland|Syria|Pakistan,,,,,7.4,2.5,43.2,,None
wp_aaa_ural_s-60,land_units,LandUnit,"AAW,Gun",VariantReference,10,"Default,Variant1-9",Soviet|Cuba|Vietnam|Iraq|Iran|North_Korea|Poland|Syria|Pakistan,,,,,7.4,2.5,43.2,,None
wp_aaa_ural_zu-23,land_units,LandUnit,"AAW,Gun",VariantReference,10,"Default,Variant1-9",Soviet|Cuba|Vietnam|Iraq|Iran|North_Korea|Poland|Syria|Pakistan,,,,,7.4,2.5,43.2,,None
wp_airbase_1,land_units,LandUnit,Airfield,VariantReference,2,"Default,Variant1",Soviet,,,,,,,,,None
wp_airbase_2,land_units,LandUnit,Airfield,VariantReference,6,"Default,Variant1-5",Soviet|Syria,,,,,,,,,None
wp_airbase_3,land_units,LandUnit,Airfield,VariantReference,15,"Default,Variant1-14",Soviet|Poland|DDR|Vietnam|Egypt|Syria|Algeria,,,,,,,,,None
wp_airbase_4,land_units,LandUnit,Airfield,VariantReference,2,"Default,Variant1",Soviet,,,,,,,,,None
wp_airbase_5,land_units,LandUnit,Airfield,VariantReference,2,"Default,Variant1",Soviet,,,,,,,,,None
wp_asc_redut,land_units,LandUnit,"ASuW,ASM",VariantReference,2,"Default,Variant1",Soviet,,,,,13.6,2.8,21.6,,None
wp_asc_rubezh,land_units,LandUnit,"ASuW,ASM",VariantReference,2,"Default,Variant1",Soviet,,,,,11.6,3.5,32.4,,None
wp_car_ural,land_units,LandUnit,"Transport,RAS",VariantReference,2,"Default,Variant1",Soviet,,,,,7.4,2.5,43.2,,None
wp_car_ural_command,land_units,LandUnit,Transport,VariantReference,2,"Default,Variant1",Soviet,,,,,7.4,2.5,43.2,,None
wp_cross_slot,land_units,LandUnit,"Radar,ESM",VariantReference,4,"Default,Variant1-3",China|Vietnam|Soviet,,,,,,,,,None
wp_large_pvo_airbase,land_units,LandUnit,Airfield,VariantReference,3,"Default,Variant1,Variant2",Soviet|Iran,,,,,,,,,None
wp_lt_pt-76,land_units,LandUnit,Gun,VariantReference,18,"Default,Variant1-17",Soviet|Vietnam|Egypt|Iraq|India|Syria|Cuba|North_Korea|China|Poland|DDR|Bulgaria|Hungary|Germany|Israel|Pakistan|Finland,,,,,6.91,3.14,23.8,,Minor
wp_mbt_t-55,land_units,LandUnit,Gun,VariantReference,9,"Default,Variant1-8",Soviet|DDR|Czech|Iraq|Poland|Syria|Egypt,,,,,6.2,3.27,27,,Moderate
wp_mbt_t-55m,land_units,LandUnit,Gun,VariantReference,9,"Default,Variant1-8",Soviet|DDR|Czech|Iraq|Poland|Syria|Egypt,,,,,6.2,3.27,27,,Moderate
wp_mbt_t-72a,land_units,LandUnit,Gun,VariantReference,8,"Default,Variant1-7",Soviet|DDR|Czech|Iraq|Poland|Syria|Egypt,,,,,9.5,3.6,45.4,,Moderate
wp_mlrs_bm-21,land_units,LandUnit,Gun,VariantReference,12,"Default,Variant1-11",Soviet|Cuba|DDR|Egypt|India|Iran|Iraq|Libya|North_Korea|Syria|Vietnam|Poland,,,,,7.4,2.4,40.5,,None
wp_p-10_radar,land_units,LandUnit,"Radar,ESM",VariantReference,2,"Default,Variant1",Soviet,,,,,,,43.2,,None
wp_p-14_radar,land_units,LandUnit,"Radar,ESM",VariantReference,2,"Default,Variant1",Soviet,,,,,,,,,None
wp_p-15_radar,land_units,LandUnit,"Radar,ESM",VariantReference,2,"Default,Variant1",Soviet,,,,,,,43.2,,None
wp_p-18_radar,land_units,LandUnit,"Radar,ESM",VariantReference,2,"Default,Variant1",Soviet,,,,,,,43.2,,None
wp_p-19_radar,land_units,LandUnit,"Radar,ESM",VariantReference,2,"Default,Variant1",Soviet,,,,,,,43.2,,None
wp_p-35_radar,land_units,LandUnit,"Radar,ESM",VariantReference,2,"Default,Variant1",Soviet,,,,,,,,,None
wp_sa-10_flaplid,land_units,LandUnit,"AAW,SAM",VariantReference,2,"Default,Variant1",Soviet,,,,,,,,,None
wp_sa-10_tel,land_units,LandUnit,"AAW,SAM",VariantReference,2,"Default,Variant1",Soviet,,,,,,,,,None
wp_sa-11_launcher,land_units,LandUnit,"AAW,SAM",VariantReference,4,"Default,Variant1-3",Soviet,,,,,,,,,None
wp_sa-11_radar,land_units,LandUnit,"AAW,SAM",VariantReference,4,"Default,Variant1-3",Soviet,,,,,,,,,None
wp_sa-13_launcher,land_units,LandUnit,"AAW,SAM",VariantReference,5,"Default,Variant1-4",Soviet|India|Poland|Syria,,,,,6.5,2.85,32.9,,None
wp_sa-3_launcher,land_units,LandUnit,"AAW,SAM",VariantReference,9,"Default,Variant1-8",Soviet|DDR|Czech|Poland|Vietnam|India|Iraq|Egypt,,,,,,,,,None
wp_sa-4_launcher,land_units,LandUnit,"AAW,SAM",VariantReference,5,"Default,Variant1-4",Soviet|DDR|Czech|Poland,,,,,,,,,None
wp_sa-4_longtruck,land_units,LandUnit,"AAW,SAM,Radar",VariantReference,5,"Default,Variant1-4",Soviet|DDR|Czech|Poland,,,,,,,35,,None
wp_sa-4_pathand,land_units,LandUnit,"AAW,SAM,Radar",VariantReference,5,"Default,Variant1-4",Soviet|DDR|Czech|Poland,,,,,,,65,,None
wp_sa-5_launcher,land_units,LandUnit,"AAW,SAM",VariantReference,2,"Default,Variant1",Soviet,,,,,,,,,None
wp_sa-5_squarepair,land_units,LandUnit,"AAW,SAM,Radar",VariantReference,2,"Default,Variant1",Soviet,,,,,,,65,,None
wp_sa-6_launcher,land_units,LandUnit,"AAW,SAM",VariantReference,8,"Default,Variant1-7",Soviet|DDR|Czech|Libya|Iraq|Egypt|Syria,,,,,,,,,None
wp_sa-6_straightflush,land_units,LandUnit,"AAW,SAM",VariantReference,8,"Default,Variant1-7",Soviet|DDR|Czech|Libya|Iraq|Egypt|Syria,,,,,,,,,None
wp_sa-7_launcher,land_units,LandUnit,"AAW,SAM",VariantReference,5,"Default,Variant1-4",Soviet|India|Poland|Syria,,,,,,,,,None
wp_sa-8_launcher,land_units,LandUnit,"AAW,SAM",VariantReference,5,"Default,Variant1-4",Soviet|India|Poland|Syria,,,,,9.14,2.75,37.8,,None
wp_sam_site_sa-10,land_units,LandUnit,"AAW,SAM",VariantReference,2,"Default,Variant1",Soviet,,,,,,,,,None
wp_sam_site_sa-11,land_units,LandUnit,"AAW,SAM",VariantReference,4,"Default,Variant1-3",Soviet,,,,,,,,,Minor
wp_sam_site_sa-11_small,land_units,LandUnit,"AAW,SAM",VariantReference,4,"Default,Variant1-3",Soviet,,,,,,,,,Minor
wp_sam_site_sa-2,land_units,LandUnit,"AAW,SAM",VariantReference,5,"Default,Variant1-4",Soviet|India|Poland|Syria,,,,,,,,,None
wp_sam_site_sa-2_modernized,land_units,LandUnit,"AAW,SAM",VariantReference,5,"Default,Variant1-4",Soviet|India|Poland|Syria,,,,,,,,,None
wp_sam_site_sa-3,land_units,LandUnit,"AAW,SAM",VariantReference,10,"Default,Variant1-9",Soviet|DDR|Czech|Poland|Vietnam|India|Iraq|Egypt|Syria,,,,,,,,,None
wp_sam_site_sa-5,land_units,LandUnit,"AAW,SAM",VariantReference,2,"Default,Variant1",Soviet,,,,,,,,,None
wp_silkworm_launcher,land_units,LandUnit,"ASuW,ASM",VariantReference,3,"Default,Variant1,Variant2",China|Iran,,,,,,,,,None
wp_son-9,land_units,LandUnit,Radar,VariantReference,3,"Default,Variant1,Variant2",Vietnam|Soviet,,,,,,,,,None
wp_spa_2s3,land_units,LandUnit,Gun,VariantReference,5,"Default,Variant1-4",Soviet|DDR|Iraq|Hungary,,,,,7.7,3.3,32.4,,Minor
wp_zsu-57,land_units,LandUnit,Gun,VariantReference,14,"Default,Variant1-13",Soviet|Cuba|DDR|Egypt|Finland|Hungary|Iran|Iraq|North_Korea|Poland|Romania|Syria|Vietnam,,,,,6.2,3.3,27,,Minor
all_assault_raft,vessels,Vessel,Deco,VariantReference,4,"Default,Variant1-3",Unknown|US|Soviet|UK,1970,1970,Commandos,1,5,2,20,"-5,0,4,6,8,10,20",None
all_life_raft,vessels,Vessel,"Deco,LifeRaft",VariantReference,1,Default,Unknown,,,,0.3,3,3,0,,None
all_life_raft_open,vessels,Vessel,"Deco,LifeRaft",VariantReference,1,Default,Unknown,,,,0.3,3,3,0,,None
all_life_raft_single,vessels,Vessel,"Deco,LifeRaft",VariantReference,1,Default,Unknown,,,ArmyPilot,0.3,3,3,0,,None
all_pod_president,vessels,Vessel,"Deco,LifeRaft",VariantReference,1,Default,Unknown,,,Potus,0.3,3,3,0,,None
civ_fv_crabboat,vessels,Vessel,Merchant,VariantReference,6,"Default,Variant1-5",US,,,,300,50.8,8.8,14,,None
civ_fv_dhow,vessels,Vessel,SmallCivilian,VariantReference,5,"Default,Variant1-4",Iraq|Greece|Cyprus|Egypt,,,Empty,140,18.5,6.2,11,,None
civ_fv_fishingboat_a,vessels,Vessel,Merchant,VariantReference,6,"Default,Variant1-5",US,,,,140,25,6.2,11,,None
civ_fv_fishingboat_b,vessels,Vessel,Merchant,VariantReference,9,"Default,Variant1-8",Norway|Iceland|Denmark|Sweden|Finland|Soviet|Poland|DDR,,,,140,30,6.5,11.5,,None
civ_fv_fishingboat_c,vessels,Vessel,Merchant,VariantReference,2,"Default,Variant1",Japan,,,,140,25,6.2,11,,None
civ_fv_fishingboat_d,vessels,Vessel,Merchant,VariantReference,2,"Default,Variant1",Japan,,,,140,30,6.5,11.5,,None
civ_fv_okean,vessels,Vessel,Merchant,VariantReference,9,"Default,Variant1-8",Soviet|Cuba|DDR|UK|France|Spain|Germany|Poland,1957,1957,,700,50.8,8.8,11,,None
civ_fv_sampan,vessels,Vessel,SmallCivilian,VariantReference,2,"Default,Variant1",Vietnam,,,"Empty,Canvas,Canvas_Stern,Ferry,Ferry_2,Ferry_Cargo,Sail,Random",140,9,3,11,,None
civ_fv_sidetrawler,vessels,Vessel,Merchant,VariantReference,2,"Default,Variant1",Norway,,,,700,50.8,8.8,11,,None
civ_fv_sterntrawler_a,vessels,Vessel,Merchant,VariantReference,3,"Default,Variant1,Variant2",Norway|Soviet|DDR,,,,700,50.8,8.8,11,,None
civ_fv_sterntrawler_b,vessels,Vessel,Merchant,VariantReference,4,"Default,Variant1-3",UK|DDR|Canada,,,,900,50.8,8.8,14,,None
civ_fv_sterntrawler_c,vessels,Vessel,Merchant,VariantReference,4,"Default,Variant1-3",France|Soviet|Canada,,,,900,50.8,8.8,14,,None
civ_fv_sterntrawler_d,vessels,Vessel,Merchant,VariantReference,2,"Default,Variant1",Japan,,,,700,50.8,8.8,14,,None
civ_ms_act_1,vessels,Vessel,Merchant,VariantReference,12,"Default,Variant1-11",Australia,1969,1969,"Containers,Munitions",30000,217,29,21.5,,None
civ_ms_amra,vessels,Vessel,Merchant,VariantReference,20,"Default,Variant1-19",UK|South_Korea|Netherlands,1969,1969,"Munitions,MilitaryVehicles,Containers,DryCargo,Vehicles",20000,143.26,21.34,18.5,,None
civ_ms_andizhan,vessels,Vessel,Merchant,VariantReference,47,"Default,Variant1-46",Soviet|Vietnam,1958,1958,"Munitions,MilitaryVehicles,DryCargo,Vehicles,Fertilizer,Ore",4375,,,13.5,,None
civ_ms_bulk,vessels,Vessel,Merchant,VariantReference,93,"Default,Variant1-92",UK|Japan|Germany|Liberia|India|Netherlands|Greece|Italy,,,"DryCargo,Fertilizer",175000,305,44,16.5,,None
civ_ms_c7s68,vessels,Vessel,Merchant,VariantReference,21,"Default,Variant1-20",US,1968,1968,"Munitions,Containers",33000,204,25.9,23,,None
civ_ms_c8,vessels,Vessel,Merchant,VariantReference,27,"Default,Variant1-26",US|Norway|Netherlands|Germany,1968,1968,Lighters,44600,272,30.5,18.0,,None
civ_ms_car_carrier_a,vessels,Vessel,Merchant,VariantReference,55,"Default,Variant1-54",Norway|Sweden|Japan|Panama|Liberia|Greece,1975,1975,"Vehicles,MilitaryVehicles",30000,,,21.5,,None
civ_ms_encounter,vessels,Vessel,Merchant,VariantReference,8,"Default,Variant1-7",UK,1969,1969,"Munitions,Containers",26000,213,"30,5",22,,None
civ_ms_freighter_a,vessels,Vessel,Merchant,VariantReference,54,"Default,Variant1-53",US,1966,1966,"Munitions,MilitaryVehicles,DryCargo,Containers,Vehicles",8200,158.5,22.9,24.0,,None
civ_ms_freighter_b,vessels,Vessel,Merchant,VariantReference,17,"Default,Variant1-16",US|Australia|Japan,1965,1965,"Munitions,MilitaryVehicles,DryCargo,Containers,Vehicles",20000,180,23,24.0,,None
civ_ms_freighter_d,vessels,Vessel,Merchant,VariantReference,54,"Default,Variant1-53",Brazil|Japan|Netherlands|Spain|Myanmar|Denmark|Poland,1970,1970,"Munitions,MilitaryVehicles,DryCargo,Containers,Vehicles,Fertilizer",20000,157,23,18.5,,None
civ_ms_irkutsk,vessels,Vessel,Merchant,VariantReference,26,"Default,Variant1-25",Soviet|Finland,1975,1975,"Munitions,MilitaryVehicles,DryCargo,Containers,Vehicles,Fertilizer",20000,151.4,20.4,18.5,,None
civ_ms_ivan_franko,vessels,Vessel,Merchant,VariantReference,7,"Default,Variant1-6",Soviet|Greece,1964,1964,"Passengers,Troops",20000,155,25,20.5,,None
civ_ms_kommunist,vessels,Vessel,Merchant,VariantReference,21,"Default,Variant1-20",Soviet,1968,1968,"Munitions,MilitaryVehicles,DryCargo,Vehicles,Fertilizer",12700,154.6,20.6,18.5,,None
civ_ms_mairangi_bay,vessels,Vessel,Merchant,VariantReference,49,"Default,Variant1-48",UK|NewZealand|Australia|Japan|Netherlands|US|Israel|Germany,1978,1978,"Munitions,Containers",40000,,,23.0,,None
civ_ms_mercur,vessels,Vessel,Merchant,VariantReference,11,"Default,Variant1-10",Soviet,1975,1975,"Munitions,Containers",30000,169.6,25.4,19.0,,None
civ_ms_metallurg_anosov,vessels,Vessel,Merchant,VariantReference,24,"Default,Variant1-23",Soviet,1959,1959,"Munitions,MilitaryVehicles,DryCargo,Vehicles,Fertilizer",20000,169.9,21.9,19.5,,None
civ_ms_murom,vessels,Vessel,Merchant,VariantReference,31,"Default,Variant1-30",Soviet,1961,1961,"Munitions,MilitaryVehicles,DryCargo,Fertilizer",20000,155.1,20.3,18.5,,None
civ_ms_poltava,vessels,Vessel,Merchant,VariantReference,80,"Default,Variant1-79",Soviet|Greece|Pakistan|Kuwait|Iraq|Hungary|India|Germany|Panama|Singapore|Liberia|Cyprus|Malta,1962,1962,"Munitions,MilitaryVehicles,DryCargo,Vehicles,Fertilizer",8000,155.7,20.7,18.0,,None
civ_ms_ritina,vessels,Vessel,Merchant,VariantReference,122,"Default,Variant1-121",Japan|Italy|Liberia|France|Kuwait|UK|US,1974,1974,Oil,253000,349,51.8,16.5,,None
civ_ms_roro_a,vessels,Vessel,Merchant,VariantReference,14,"Default,Variant1-13",US|Norway|Soviet,1972,1972,"MilitaryVehicles,Vehicles,Containers",30000,205.8,31.2,21.5,,None
civ_ms_roro_b,vessels,Vessel,Merchant,VariantReference,21,"Default,Variant1-20",Soviet,1975,1975,"MilitaryVehicles,Vehicles,Containers",6000,139.6,19.2,16.5,,None
civ_ms_roro_c,vessels,Vessel,Merchant,VariantReference,11,"Default,Variant1-10",US,1977,1977,"MilitaryVehicles,Vehicles,Containers",33900,208.5,31,23.0,,None
civ_ms_seabee,vessels,Vessel,Merchant,VariantReference,9,"Default,Variant1-8",US|Soviet,1972,1972,"MilitaryVehicles,Lighters",55660,267,32,16.0,,None
civ_ms_sealift_pacific,vessels,Vessel,Merchant,VariantReference,38,"Default,Variant1-37",US,1974,1974,Oil,34000,179,25.6,16.0,,None
civ_ms_slavyansk,vessels,Vessel,Merchant,VariantReference,34,"Default,Variant1-33",Soviet,1967,1967,DryCargo,20000,153,21,17,,None
civ_ms_super_p,vessels,Vessel,Merchant,VariantReference,17,"Default,Variant1-16",US|Liberia|UK,1967,1967,"Munitions,MilitaryVehicles,DryCargo,Containers",12700,172,23,18.5,,None
civ_ms_yuniy_partizan,vessels,Vessel,Merchant,VariantReference,68,"Default,Variant1-67",Soviet|Norway|Netherlands|Sweden|France|Italy|Greece|Brazil,1974,1974,"Containers,Munitions,MilitaryVehicles,DryCargo,Vehicles,Fertilizer,Ore",3950,88.7,12.8,13.0,,None
es_ffg_baleares,vessels,Vessel,"ASW,ASuW_Gun",VariantReference,6,"Default,Variant1-5",Spain,1973,1976,,4130,134,14.3,27.0,,None
es_ss_galerna,vessels,Submarine,SS,VariantReference,5,"Default,Variant1-4",Spain,1983,1985,,1760,58,6.8,20,"-5,0,2,5,10,15,20",None
es_ssk_delfin,vessels,Submarine,SS,VariantReference,5,"Default,Variant1-4",Spain,1973,1975,,1038,58,6.8,15,"-5,0,3,5,10,13,15",None
fgs_ddg_lutjens,vessels,Vessel,"AAW,ASW,ASuW",VariantReference,4,"Default,Variant1-3",Germany,1969,1970,,4526,133,14,33.0,,Minor
fgs_ptg_tiger,vessels,Vessel,ASuW,VariantReference,21,"Default,Variant1-20",Germany,1973,1973,,265,47,7.2,36.0,,None
fgs_ss_type_205,vessels,Submarine,SS,VariantReference,9,"Default,Variant1-8",Germany|Denmark,1962,1970,,455,44.3,4.6,17.0,"-5,0,2,4,8,12,17",Minor
fgs_ss_type_206,vessels,Submarine,SS,VariantReference,19,"Default,Variant1-18",Germany,1973,1973,,500,48.49,4.58,17.0,"-5,0,2,4,8,12,17",Minor
fr_ss_agosta,vessels,Submarine,SS,VariantReference,5,"Default,Variant1-4",France,1977,1978,"Default,Late",1760,58,6.8,20,"-5,0,2,5,10,15,20",None
fr_ss_daphne,vessels,Submarine,SS,VariantReference,10,"Default,Variant1-9",France,1964,1970,"Default,Late",1038,58,6.8,15,"-5,0,3,5,10,13,15",None
ins_ff_blackwood,vessels,Vessel,ASW,VariantReference,4,"Default,Variant1-3",India,1955,1955,,1456,95,10,27.8,,None
ins_pt_saar,vessels,Vessel,FAC,VariantReference,13,"Default,Variant1-12",Israel,1967,1967,,206,45,7.62,40,,None
ins_ptg_aliya,vessels,Vessel,ASuW,VariantReference,3,"Default,Variant1,Variant2",Israel,1980,1980,,498,61.7,7.62,33,,None
ins_ptg_hetz,vessels,Vessel,ASuW,VariantReference,3,"Default,Variant1,Variant2",Israel,1981,1982,,498,61.7,7.62,33,,None
ins_ptg_saar_2,vessels,Vessel,ASuW,VariantReference,7,"Default,Variant1-6",Israel,1967,1967,,250,45,7.62,40,,None
ins_ptg_saar_3,vessels,Vessel,ASuW,VariantReference,7,"Default,Variant1-6",Israel,1969,1969,,250,45,7.62,40,,None
ins_ptg_saar_4,vessels,Vessel,ASuW,VariantReference,11,"Default,Variant1-10",Israel,1973,1973,,450,58,7.62,40,,None
ins_ss_gal,vessels,Submarine,SS,VariantReference,4,"Default,Variant1-3",Israel,1976,1976,"Default,Late",500,48.49,4.58,17.0,"-5,0,2,4,8,12,17",Minor
ir_aor_delvar,vessels,Vessel,"RAS,Landing",VariantReference,8,"Default,Variant1-7",Iran,1981,1982,,904,64.2,10.5,11.0,,None
ir_fab_boghammar,vessels,Vessel,FAC,VariantReference,2,"Default,Variant1",Iran,1985,1985,,7,13,2.7,46.0,,None
ir_ffg_alvand,vessels,Vessel,ASuW,VariantReference,5,"Default,Variant1-4",Iran,1971,1972,,1540,95,11.1,39.0,,None
ir_pf_bayandor,vessels,Vessel,FAC,VariantReference,5,"Default,Variant1-4",Iran,1964,1969,,1135,84,10.1,20,,Medium
ir_pt_kaivan,vessels,Vessel,FAC,VariantReference,5,"Default,Variant1-4",Iran,1956,1959,,150,29,6.2,21,,Small
ir_pt_parvin,vessels,Vessel,FAC,VariantReference,4,"Default,Variant1-3",Iran,1959,1970,,150,31,6.6,22,,Medium
ir_ptg_combattante_II,vessels,Vessel,ASuW,VariantReference,13,"Default,Variant1-12",Iran,1977,1981,,275,47,8,36.0,,None
ir_ptg_kaivan,vessels,Vessel,FAC,VariantReference,5,"Default,Variant1-4",Iran,1971,1972,,150,29,6.2,21,,Small
jmsdf_dd_minegumo,vessels,Vessel,"ASW,ASuW_Gun",VariantReference,4,"Default,Variant1-3",Japan,1968,1970,,2750,114.9,11.8,27.0,,None
jmsdf_dd_takatsuki,vessels,Vessel,"ASW,ASuW_Gun",VariantReference,5,"Default,Variant1-4",Japan,1967,1970,,4500,136,13.4,32.0,"-7,0,5,15,20,28,32",None
jmsdf_dd_yamagumo,vessels,Vessel,"ASW,ASuW_Gun",VariantReference,7,"Default,Variant1-6",Japan,1966,1978,,2750,114.9,11.8,27.0,,None
jmsdf_ddg_tachikaze,vessels,Vessel,"ASW,ASuW_Gun",VariantReference,4,"Default,Variant1-3",Japan,1976,1983,"Default,Late",4800,136,13.4,32.0,,None
jmsdf_ddh_haruna,vessels,Vessel,"ASW,ASuW_Gun",VariantReference,3,"Default,Variant1,Variant2",Japan,1973,1974,,6900,153.1,17.5,32.0,"-7,0,5,15,20,28,32",None
jmsdf_ss_asashio,vessels,Submarine,SS,VariantReference,5,"Default,Variant1-4",Japan,1966,1969,,2150,88,8.2,18,"-6,0,3,5,8,15,18",None
jmsdf_ss_uzushio,vessels,Submarine,SS,VariantReference,8,"Default,Variant1-7",Japan,1971,1978,,1850,72,9.9,20.0,"-6,0,3,5,8,15,20",None
jmsdf_ss_yushio,vessels,Submarine,SS,VariantReference,11,"Default,Variant1-10",Japan,1980,1989,"Default,Late",2250,76,9.9,20.0,"-6,0,3,5,8,15,20",None
knm_ffg_oslo,vessels,Vessel,"ASW,ASuW",VariantReference,6,"Default,Variant1-5",Norway,1966,1968,,2100,97,11.2,25,,None
knm_fs_sleipner,vessels,Vessel,"ASW,ASuW",VariantReference,3,"Default,Variant1,Variant2",Norway,1965,1967,,800,69.3,7.9,20,,None
knm_msc_sauda,vessels,Vessel,MineSweep,VariantReference,11,"Default,Variant1-10",Norway,1953,1953,,360,44,8.2,14.0,,None
knm_ptg_hauk,vessels,Vessel,ASuW,VariantReference,15,"Default,Variant1-14",Norway,1977,1980,,160,36.5,6.2,32.5,,None
knm_ptg_snogg,vessels,Vessel,ASuW,VariantReference,7,"Default,Variant1-6",Norway,1970,1970,,140,36.5,6,30.0,,None
knm_ss_kobben,vessels,Submarine,SS,VariantReference,16,"Default,Variant1-15",Norway,1965,1965,"Default,Late",485,47.2,4.7,17.0,"-5,0,2,4,8,12,17",Minor
ln_ptg_beir_grassa,vessels,Vessel,ASuW,VariantReference,11,"Default,Variant1-10",Libya,1978,1978,,265,47,7.2,36.0,,None
nrp_ssk_albacora,vessels,Submarine,SS,VariantReference,9,"Default,Variant1-8",Portugal|Pakistan|South_Africa,1975,1977,,1038,58,6.8,15,"-5,0,3,5,10,13,15",None
nv_agi_sampan,vessels,Vessel,Spy,VariantReference,3,"Default,Variant1,Variant2",Vietnam|China,,,"Empty,Canvas,Canvas_Stern,Ferry,Ferry_2,Ferry_Cargo,Sail,Random",140,9,3,11,,None
plan_ap_qiongsha,vessels,Vessel,ASuW,VariantReference,7,"Default,Variant1-6",China,1980,1980,,2150,86,13.4,16.0,,None
plan_dd_luda1,vessels,Vessel,ASuW,VariantReference,12,"Default,Variant1-11",China,1971,1987,,3670,103,10.8,38.0,,Minor
plan_ff_chengdu,vessels,Vessel,ASuW,VariantReference,5,"Default,Variant1-4",China,1957,1958,,1416,91,10.2,32.0,,None
plan_ff_jianghu1,vessels,Vessel,ASuW,VariantReference,15,"Default,Variant1-14",China,1975,1980,,1702,103,10.8,26.0,,None
plan_ff_jianghu2,vessels,Vessel,ASuW,VariantReference,10,"Default,Variant1-9",China,1982,1988,"Default,Late",1702,103,10.8,26.0,,None
plan_ff_jianghu3,vessels,Vessel,ASuW,VariantReference,4,"Default,Variant1-3",China,1986,1990,,1960,103,11.3,26.0,,None
plan_ffg_jiangdong,vessels,Vessel,ASuW,VariantReference,3,"Default,Variant1,Variant2",China,1975,1977,,1940,103,10.8,28.0,,None
plan_k_type_037,vessels,Vessel,Minesweep,VariantReference,2,"Default,Variant1",China,1961,1961,,430,58.77,7.2,31.0,,Minor
plan_lst_yukan,vessels,Vessel,ASuW,VariantReference,4,"Default,Variant1-3",China,1979,1982,MilitaryVehicles,4170,120,15.3,18.0,,None
plan_msc_type_010,vessels,Vessel,Minesweep,VariantReference,2,"Default,Variant1",China,1959,1959,,590,60,8.4,21.0,,None
plan_pt_shanghai2,vessels,Vessel,Minesweep,VariantReference,2,"Default,Variant1",China,1960,1960,,135,38.78,5.41,28.5,,Minor
plan_pt_shanghai2b,vessels,Vessel,Minesweep,VariantReference,2,"Default,Variant1",China,1970,1970,,135,38.8,5.41,28.5,,Minor
plan_ptg_type_024,vessels,Vessel,ASuW,VariantReference,10,"Default,Variant1-9",China,1966,1966,,81,38.6,7.6,38,,None
plan_ss_romeo,vessels,Submarine,SS,VariantReference,89,"Default,Variant1-88",China,1962,1962,"Default,Late",1730,76.6,6.7,15,"-5,0,3,5,10,13,15",None
plan_ssg_wuhan,vessels,Submarine,SS,VariantReference,2,"Default,Variant1",China,1985,1985,,2100,76.6,6.7,15,"-5,0,3,5,10,13,15",None
plan_ssn_han,vessels,Submarine,SSN,VariantReference,6,"Default,Variant1-5",China,1974,1990,,5000,90,9,24.0,"-7,0,5,10,15,20,24",None
pns_ss_hangor,vessels,Submarine,SS,VariantReference,4,"Default,Variant1-3",Pakistan,1970,1970,"Default,Late",1038,58,6.8,15,"-5,0,3,5,10,13,15",None
pns_ss_hashmat,vessels,Submarine,SS,VariantReference,3,"Default,Variant1,Variant2",Pakistan,1979,1980,"Default,Late",1760,58,6.8,20,"-5,0,2,5,10,15,20",None
ran_ddg_perth,vessels,Vessel,"AAW,ASW,ASuW",VariantReference,4,"Default,Variant1-3",Australia,1965,1967,"Early,Default,Late",4526,133,14,33.0,,Minor
ran_ffg_adelaide_shorthull,vessels,Vessel,"AAW,ASW,ASuW",VariantReference,4,"Default,Variant1-3",Australia,1980,1983,"Default,Late",4100,136,14,29.0,,None
ran_ss_oberon,vessels,Submarine,SS,VariantReference,7,"Default,Variant1-6",Australia,1967,1978,"Early,Default,Late",2032,90,8.1,17,"-5,0,3,5,10,13,15",None
rcn_ss_oberon,vessels,Submarine,SS,VariantReference,4,"Default,Variant1-3",Canada,1965,1968,"Early,Default,Late",2032,90,8.1,17,"-5,0,3,5,10,13,15",None
rn_dd_battle,vessels,Vessel,ASuW_Gun,VariantReference,6,"Default,Variant1-5",UK|Pakistan,1947,1957,,3310,116,12.3,35.50,,Minor
rn_dd_c-class,vessels,Vessel,ASuW_Gun,VariantReference,6,"Default,Variant1-5",UK|Pakistan,1945,1958,,2570,111,11,32.0,,Minor
rn_dd_z-class,vessels,Vessel,ASuW_Gun,VariantReference,6,"Default,Variant1-5",UK|Israel|Egypt,1944,1956,,2570,111,11,32.0,,Minor
sea_mine,vessels,Vessel,SeaMine,VariantReference,2,"Default,Variant1",Soviet,,,,0.1,1,1,0,,None
test,vessels,Vessel,,VariantReference,0,,,,,,200,,,11,,None
usn_ae_kilauea,vessels,Vessel,RAS,VariantReference,9,"Default,Variant1-8",US,1968,1972,Munitions,20500,172,25,20.0,,Minor
usn_ao_t2,vessels,Vessel,RAS,VariantReference,22,"Default,Variant1-21",US,1955,1955,Oil,16250,145.5,19.2,14,,None
usn_aoe_sacramento,vessels,Vessel,RAS,VariantReference,5,"Default,Variant1-4",US,1964,1970,Oil,53000,242.3,32.6,26.0,,Minor
usn_avp_barnegat,vessels,Vessel,FAC,VariantReference,8,"Default,Variant1-7",South_Vietnam,1941,1941,,2300,94.72,12.52,20,,Small
usn_avp_barnegat_mod,vessels,Vessel,FAC,VariantReference,5,"Default,Variant1-4",Philippines,1973,1973,,2300,94.72,12.52,20,,Small
usn_bb_iowa,vessels,Vessel,"ASuW,NGFS",VariantReference,5,"Default,Variant1-4",US,1982,1988,"Default,AntiShip,LandAttack",58000,270,33,32.0,,Heavy
usn_cg_belknap,vessels,Vessel,"AAW,ASW,ASuW",VariantReference,9,"Default,Variant1-8",US,1979,1982,,8957,167,17,32.0,,Minor
usn_cg_belknap_72,vessels,Vessel,"AAW,ASW,ASuW",VariantReference,10,"Default,Variant1-9",US,1972,1972,"Default,Late",8957,167,17,32.0,,Minor
usn_cg_leahy,vessels,Vessel,"AAW,ASW,ASuW",VariantReference,10,"Default,Variant1-9",US,1980,1983,,8200,162,17,32.0,,Minor
usn_cg_leahy_68,vessels,Vessel,"AAW,ASW,ASuW",VariantReference,10,"Default,Variant1-9",US,1962,1964,"Default,Late",8200,162,17,32.0,,None
usn_cg_ticonderoga,vessels,Vessel,"AAW,ASuW,ASW",VariantReference,6,"Default,Variant1-5",US,1983,1987,"Default,Late",9600,173,16.8,32.0,,Minor
usn_cgn_alaska,vessels,Vessel,"AAW,ASuW,ASW",VariantReference,5,"Default,Variant1-4",US,1982,1986,"Default,Late",17500,216.1,23.3,33.0,,Heavy
usn_cgn_california,vessels,Vessel,"AAW,ASuW,ASW",VariantReference,3,"Default,Variant1,Variant2",US,1974,1975,"Default,Late",10800,179,19,32.0,,Minor
usn_cgn_long_beach_73,vessels,Vessel,AAW,VariantReference,2,"Default,Variant1",US,1973,1973,"Default,Late",16600,210,22.3,30.0,,Moderate
usn_cgn_long_beach_83,vessels,Vessel,AAW,VariantReference,2,"Default,Variant1",US,1983,1983,"Default,AntiShip,LandAttack",16600,210,22.3,30.0,,Moderate
usn_cgn_virginia,vessels,Vessel,"AAW,ASuW,ASW",VariantReference,5,"Default,Variant1-4",US,1985,1985,"Default,Late",11666,179,19,32.0,,Minor
usn_clg_oklahoma_city,vessels,Vessel,"AAW,NGFS",VariantReference,4,"Default,Variant1-3",US,1958,1960,,15200,186,20,32.0,,Moderate
usn_cv_america_79,vessels,Vessel,Carrier,VariantReference,2,"Default,Variant1",US,1977,1977,,85000,319,76,32.0,,Moderate
usn_cv_forrestal_75,vessels,Vessel,Carrier,VariantReference,5,"Default,Variant1-4",US,1968,1973,,81000,326,73,33.0,,Moderate
usn_cv_kitty_hawk,vessels,Vessel,Carrier,VariantReference,3,"Default,Variant1,Variant2",US,1983,1983,,83000,326,86,33.0,,Moderate
usn_cvn_enterprise,vessels,Vessel,Carrier,VariantReference,2,"Default,Variant1",US,1967,1967,Munitions,94000,342,78,33.0,,Moderate
usn_cvn_nimitz,vessels,Vessel,Carrier,VariantReference,3,"Default,Variant1,Variant2",US,1983,1987,,100000,332,76.8,32.0,,Moderate
usn_dd_gearing,vessels,Vessel,"ASW,ASuW_Gun",VariantReference,74,"Default,Variant1-73",US|Turkey,1959,1962,,3550,119,12.5,33.0,,Minor
usn_dd_gearing_fram2,vessels,Vessel,"ASW,ASuW_Gun",VariantReference,19,"Default,Variant1-18",US|Turkey,1959,1965,,3550,119,12.5,33.0,,Minor
usn_dd_gearing_fram2_mod,vessels,Vessel,"ASuW,ASuW_Gun",VariantReference,3,"Default,Variant1,Variant2",Vietnam,1945,1945,,3550,119,12.5,33.0,,Minor
usn_dd_spruance,vessels,Vessel,"ASW,ASuW",VariantReference,32,"Default,Variant1-31",US,1975,1983,,8040,172,16.8,32.0,,Minor
usn_dd_spruance_abl,vessels,Vessel,"ASW,ASuW",VariantReference,8,"Default,Variant1-7",US,1975,1986,"Default,AntiShip,LandAttack",8040,172,16.8,32.0,,Minor
usn_ddg_adams_early,vessels,Vessel,"AAW,ASW,ASuW",VariantReference,14,"Default,Variant1-13",US,1980,1980,,4526,133,14,33.0,,Minor
usn_ddg_adams_early_68,vessels,Vessel,"AAW,ASW,ASuW",VariantReference,14,"Default,Variant1-13",US,1960,1962,,4526,133,14,33.0,,Minor
usn_ddg_adams_late,vessels,Vessel,"AAW,ASW,ASuW",VariantReference,11,"Default,Variant1-10",US,1980,1980,"Default,Late",4526,133,14,33.0,,Minor
usn_ddg_adams_late_68,vessels,Vessel,"AAW,ASW,ASuW",VariantReference,11,"Default,Variant1-10",US,1962,1964,,4526,133,14,33.0,,Minor
usn_ddg_coontz,vessels,Vessel,"AAW,ASW,ASuW",VariantReference,11,"Default,Variant1-10",US,1975,1975,"Default,Late",6120,156,16,33.0,,Minor
usn_ddg_coontz_68,vessels,Vessel,"AAW,ASW,ASuW",VariantReference,11,"Default,Variant1-10",US,1968,1968,,6120,156,16,33.0,,Minor
usn_ddg_kidd,vessels,Vessel,"AAW,ASW,ASuW",VariantReference,5,"Default,Variant1-4",US,1981,1982,"Default,Late",9630,172,17,32.0,,Minor
usn_ddg_mahan,vessels,Vessel,"AAW,ASW,ASuW",VariantReference,2,"Default,Variant1",US,1980,1980,,6120,156,16,33.0,,Minor
usn_ff_garcia,vessels,Vessel,"ASW,ASuW_Gun",VariantReference,11,"Default,Variant1-10",US,1964,1968,,3400,126.4,13.4,29.0,,None
usn_ff_knox,vessels,Vessel,"ASW,ASuW_Gun",VariantReference,47,"Default,Variant1-46",US,1979,1983,"Default,Late",4130,134,14.3,27.0,,None
usn_ff_knox_72,vessels,Vessel,"ASW,ASuW_Gun",VariantReference,32,"Default,Variant1-31",US,1969,1972,,4130,134,14.3,27.0,,None
usn_ff_knox_84,vessels,Vessel,"ASW,ASuW_Gun",VariantReference,47,"Default,Variant1-46",US,1983,1984,,4130,134,14.3,27.0,,None
usn_ffg_brooke,vessels,Vessel,"ASW,ASuW_Gun",VariantReference,7,"Default,Variant1-6",US,1972,1972,,3400,126.4,13.4,29.0,,None
usn_ffg_oliver_hazard_perry,vessels,Vessel,"AAW,ASW,ASuW",VariantReference,26,"Default,Variant1-25",US,1977,1983,"Default,Late",4100,136,14,29.0,,None
usn_ffg_oliver_hazard_perry_longhull,vessels,Vessel,"AAW,ASW,ASuW",VariantReference,31,"Default,Variant1-30",US,1977,1989,"Early,Default,Late",4100,136,14,29.0,,None
usn_lha_tarawa,vessels,Vessel,"Landing,CVS",VariantReference,6,"Default,Variant1-5",US,1976,1980,,39000,254,40,24.0,,Minor
usn_lka_charleston,vessels,Vessel,Landing,VariantReference,6,"Default,Variant1-5",US,1968,1970,AmphibiousAssault,18500,176,25,20.0,,None
usn_lpd_austin,vessels,Vessel,Landing,VariantReference,13,"Default,Variant1-12",US,1965,1971,MilitaryVehicles,16900,167,26,21.0,,None
usn_lsm_lsm1,vessels,Vessel,Landing,VariantReference,15,"Default,Variant1-14",US,1944,1944,MilitaryVehicles,540,60,10,13,,None
usn_lst_newport,vessels,Vessel,Landing,VariantReference,21,"Default,Variant1-20",US,1969,1972,MilitaryVehicles,8470,159,21.2,22.0,,None
usn_msc_adjutant,vessels,Vessel,MineSweep,VariantReference,2,"Default,Variant1",US|Belgium,1953,1953,,400,42,8.2,14.0,,None
usn_mso_aggressive,vessels,Vessel,MineSweep,VariantReference,56,"Default,Variant1-55",US|Vietnam,1953,1953,,850,52,11,14.0,,None
usn_pb_pgm-39,vessels,Vessel,FAC,VariantReference,20,"Default,Variant1-19",South_Vietnam,1959,1959,,150,31,6.6,22,,Medium
usn_phm_pegasus,vessels,Vessel,FAC,VariantReference,7,"Default,Variant1-6",US,1977,1982,,241,34.2,6.8,48,,None
usn_septar_qst-35,vessels,Vessel,FAC,VariantReference,3,"Default,Variant1,Variant2",Unknown|US|Soviet,1980,1980,,1,18,4,20,"-5,0,4,6,8,10,20",Medium
usn_septar_qst-35_small,vessels,Vessel,FAC,VariantReference,3,"Default,Variant1,Variant2",Unknown|US|Soviet,1980,1980,,1,18,4,20,"-5,0,4,6,8,10,20",Medium
usn_ssbn_franklin,vessels,Submarine,SSBN,VariantReference,13,"Default,Variant1-12",US,1965,1967,"Default,Early",8250,130,10,21.0,"-7,0,5,10,15,18,21",None
usn_ssbn_james_madison,vessels,Submarine,SSBN,VariantReference,11,"Default,Variant1-10",US,1964,1964,"Default,Early",8250,130,10,21.0,"-7,0,5,10,15,18,21",None
usn_ssbn_lafayette,vessels,Submarine,SSBN,VariantReference,10,"Default,Variant1-9",US,1963,1964,"Default,Early",8250,130,10,21.0,"-7,0,5,10,15,18,21",None
usn_ssn_los_angeles,vessels,Submarine,SSN,VariantReference,32,"Default,Variant1-31",US,1981,1987,"Default,Late",6920,110,10,35.0,"-7,0,5,10,15,20,35",None
usn_ssn_los_angeles_76,vessels,Submarine,SSN,VariantReference,13,"Default,Variant1-12",US,1976,1981,"Default,Late",6920,110,10,35.0,"-7,0,5,10,15,20,35",None
usn_ssn_permit,vessels,Submarine,SSN,VariantReference,14,"Default,Variant1-13",US,1962,1968,,4300,84.9,9.6,29.0,"-7,0,5,10,15,20,29",None
usn_ssn_permit_68,vessels,Submarine,SSN,VariantReference,14,"Default,Variant1-13",US,1962,1968,"Default,Late",4300,84.9,9.6,29.0,"-7,0,5,10,15,20,29",None
usn_ssn_skipjack,vessels,Submarine,SSN,VariantReference,6,"Default,Variant1-5",US,1972,1972,,3500,76,9.6,28.0,"-7,0,5,10,15,20,28",None
usn_ssn_skipjack_68,vessels,Submarine,SSN,VariantReference,7,"Default,Variant1-6",US,1959,1961,,3500,76,9.6,28.0,"-7,0,5,10,15,20,28",None
usn_ssn_sturgeon,vessels,Submarine,SSN,VariantReference,38,"Default,Variant1-37",US,1966,1975,,4640,89,9.6,26.0,"-7,0,5,10,15,20,26",None
usn_ssn_sturgeon_72,vessels,Submarine,SSN,VariantReference,29,"Default,Variant1-28",US,1966,1972,"Default,Late",4640,89,9.6,26.0,"-7,0,5,10,15,20,26",None
usn_takr_algol,vessels,Vessel,Transport,VariantReference,9,"Default,Variant1-8",US,1981,1982,MilitaryVehicles,55000,288,32,33.0,,None
wp_agi_okean,vessels,Vessel,Spy,VariantReference,11,"Default,Variant1-10",Soviet,,,"Default,Late",726,50.8,8.8,11,,None
wp_agi_okean_mod,vessels,Vessel,Spy,VariantReference,6,"Default,Variant1-5",Soviet,,,,726,50.8,8.8,11,,None
wp_bdk_alligator,vessels,Vessel,Landing,VariantReference,15,"Default,Variant1-14",Soviet,,,MilitaryVehicles,4950,113,15.6,18,,None
wp_bdk_ivan_rogov,vessels,Vessel,Landing,VariantReference,3,"Default,Variant1,Variant2",Soviet,,,MilitaryVehicles,11730,157.5,23.7,17,,None
wp_bdk_ropucha,vessels,Vessel,Landing,VariantReference,27,"Default,Variant1-26",Soviet,,,MilitaryVehicles,4080,113,15,17,,None
wp_bpk_kanin,vessels,Vessel,"AAW,ASW",VariantReference,9,"Default,Variant1-8",Soviet,1960,1961,"Default,Late",4500,141,14.8,34.0,,None
wp_bpk_kara,vessels,Vessel,"AAW,ASW,ASuW",VariantReference,7,"Default,Variant1-6",Soviet,1971,1979,,8530,173.4,18.5,32.0,,None
wp_bpk_kashin,vessels,Vessel,"AAW,ASW",VariantReference,20,"Default,Variant1-19",Soviet,1962,1972,"Default,Early",4300,144,15.8,34.0,,None
wp_bpk_kashin_mod,vessels,Vessel,"AAW,ASW",VariantReference,7,"Default,Variant1-6",Soviet,1964,1973,,4300,146,15.8,34.0,,None
wp_bpk_kresta2,vessels,Vessel,"AAW,ASW,ASuW",VariantReference,11,"Default,Variant1-10",Soviet,1969,1977,,7535,159,16.8,32.0,,None
wp_bpk_udaloy,vessels,Vessel,"ASW,ASuW",VariantReference,13,"Default,Variant1-12",Soviet,1980,1992,,7570,163,19,32.0,,None
wp_cv_orel,vessels,Vessel,"Carrier,ASuW_VLR",VariantReference,4,"Default,Variant1-3",Soviet,1982,1988,,80000,330,70,30,,Minor
wp_em_sovremenny,vessels,Vessel,"ASuW,AAW",VariantReference,17,"Default,Variant1-16",Soviet,1980,1992,,7940,156.5,17.2,33.0,,None
wp_kr_sverdlov,vessels,Vessel,NGFS,VariantReference,12,"Default,Variant1-11",Soviet,1952,1955,,16640,210,22,32.0,,Moderate
wp_mpk_grisha3,vessels,Vessel,ASW,VariantReference,35,"Default,Variant1-34",Soviet,1970,1970,,990,71.1,10.2,32.0,,None
wp_mrk_nanuchka,vessels,Vessel,ASuW,VariantReference,25,"Default,Variant1-24",Soviet|Libya|Algeria,1970,1970,,700,59.3,11.8,38.5,,None
wp_ms_andizhan_armed,vessels,Vessel,Merchant,VariantReference,5,"Default,Variant1-4",Soviet|Vietnam,,,"Munitions,MilitaryVehicles,DryCargo,Vehicles,Fertilizer,Ore",4375,,,13.5,,None
wp_ms_mercur_decoy,vessels,Vessel,Merchant,VariantReference,11,"Default,Variant1-10",Soviet,1975,1975,"Default,Kiev,Kirov,Udaloy,Sovremenny,Sverdlov,Kynda,KrestaI,KrestaII,Kara,Petya,KrivakI,KrivakII",30000,169.6,25.4,19.0,,None
wp_ms_roro_b,vessels,Vessel,CVL,VariantReference,5,"Default,Variant1-4",Soviet,,,Default,6000,139.6,19.2,20,,None
wp_msc_T43,vessels,Vessel,Minesweep,VariantReference,2,"Default,Variant1",Soviet,1950,1950,,590,59,8.4,21.0,,None
wp_msc_T43K,vessels,Vessel,Minesweep,VariantReference,2,"Default,Variant1",Soviet,1960,1960,,590,59,8.4,21.0,,None
wp_msc_kondor,vessels,Vessel,Minesweep,VariantReference,22,"Default,Variant1-21",DDR,1969,1969,,339,51.98,7.12,21.0,,Minor
wp_msc_kondor_II,vessels,Vessel,Minesweep,VariantReference,29,"Default,Variant1-28",DDR,1971,1971,,449,59.52,7.76,18.0,,Minor
wp_msc_kondor_II_85,vessels,Vessel,Minesweep,VariantReference,29,"Default,Variant1-28",DDR,1985,1985,,449,59.52,7.76,18.0,,Minor
wp_pb_don,vessels,Vessel,Landing,VariantReference,8,"Default,Variant1-7",Soviet,1958,1962,Munitions,5100,113,15.6,18,,None
wp_pb_zhuk,vessels,Vessel,FAC,VariantReference,23,"Default,Variant1-22",Soviet,1969,1969,,39,24,5,30.0,,None
wp_pb_zhuk_ME,vessels,Vessel,FAC,VariantReference,51,"Default,Variant1-50",Soviet|Cuba|Syria|Iraq|Vietnam,1969,1969,,39,24,5,30.0,,None
wp_pkr_moskva,vessels,Vessel,CVS,VariantReference,3,"Default,Variant1,Variant2",Soviet,1967,1969,,15280,189,34,29.0,,None
wp_pt_libelle,vessels,Vessel,FAC,VariantReference,32,"Default,Variant1-31",DDR,1974,1974,,35,19,4.4,48,,None
wp_pt_p4,vessels,Vessel,FAC,VariantReference,2,"Default,Variant1",Soviet,1944,1944,,23,18.7,3.4,55.0,,Light
wp_pt_p6,vessels,Vessel,FAC,VariantReference,90,"Default,Variant1-89",Soviet|Iraq|Poland|Syria|Vietnam|DDR|Egypt|Cuba,1949,1949,,77,25.5,6.2,47.0,,None
wp_pt_shershen,vessels,Vessel,FAC,VariantReference,72,"Default,Variant1-71",Soviet|Egypt|DDR|Vietnam,1960,1960,,161,34.2,6.8,38.5,,None
wp_pt_shershen-e,vessels,Vessel,FAC,VariantReference,5,"Default,Variant1-4",Egypt,1960,1960,,161,34.2,6.8,38.5,,None
wp_pt_shershen-er,vessels,Vessel,FAC,VariantReference,2,"Default,Variant1",Egypt,1960,1960,,161,34.2,6.8,38.5,,None
wp_pt_stenka,vessels,Vessel,ASW,VariantReference,41,"Default,Variant1-40",Soviet,1967,1967,,245,37.5,7.64,38,,Light
wp_pt_turya,vessels,Vessel,FAC,VariantReference,29,"Default,Variant1-28",Soviet|Cuba|Vietnam,1972,1972,,250,34.2,6.8,44,,None
wp_pt_wisla,vessels,Vessel,FAC,VariantReference,9,"Default,Variant1-8",Poland,1965,1965,,128,24.76,7.79,49.3,,None
wp_ptg_komar,vessels,Vessel,ASuW,VariantReference,10,"Default,Variant1-9",Soviet,1952,1952,,81,38.6,7.6,38,,None
wp_ptg_osa1,vessels,Vessel,ASuW,VariantReference,145,"Default,Variant1-144",Soviet|India|Iraq|Poland|DDR|Egypt|Syria,1960,1960,,209,38.6,7.6,38.5,,None
wp_ptg_osa2,vessels,Vessel,ASuW,VariantReference,52,"Default,Variant1-51",Soviet|Iraq|Libya|Algeria|Vietnam,1965,1981,"Default,Late",235,38.6,7.6,42,,None
wp_ptg_tarantul,vessels,Vessel,ASuW,VariantReference,14,"Default,Variant1-13",Soviet,1979,1979,,469,56.1,10.2,41,,None
wp_ptg_tarantul_re,vessels,Vessel,ASuW,VariantReference,14,"Default,Variant1-13",Soviet|Vietnam,1977,1977,,455,56.1,10.2,41,,None
wp_rkr_kirov,vessels,Vessel,"ASuW_VLR,AAW",VariantReference,2,"Default,Variant1",Soviet,1980,1980,,25860,250,28.5,32.0,,Minor
wp_rkr_kresta1,vessels,Vessel,"ASuW_VLR,AAW",VariantReference,5,"Default,Variant1-4",Soviet,1967,1969,"Default,Early",7170,156.2,16.8,34.0,,None
wp_rkr_kynda,vessels,Vessel,"ASuW_VLR,AAW",VariantReference,5,"Default,Variant1-4",Soviet,1962,1965,,5500,142.7,16,34.0,,None
wp_rkr_slava,vessels,Vessel,"ASuW_VLR,AAW",VariantReference,4,"Default,Variant1-3",Soviet,1982,1989,,11490,186,20.8,32.0,,Minor
wp_skr_krivak1,vessels,Vessel,ASW,VariantReference,18,"Default,Variant1-17",Soviet,1970,1981,,3190,123,14.2,32.0,,None
wp_skr_krivak2,vessels,Vessel,ASW,VariantReference,12,"Default,Variant1-11",Soviet,1975,1981,,3305,123,14.2,32.0,,None
wp_skr_petya2,vessels,Vessel,ASW,VariantReference,24,"Default,Variant1-23",Soviet,1964,1964,,1110,82.3,9.2,29.0,,None
wp_skr_petya3,vessels,Vessel,ASW,VariantReference,16,"Default,Variant1-15",Soviet|Syria|India|Vietnam,1966,1966,,1140,82.3,9.2,29.0,,None
wp_ss_foxtrot,vessels,Submarine,SS,VariantReference,75,"Default,Variant1-74",Soviet|India|Libya|Cuba,1958,1984,"Default,Late",2475,91.3,7.4,16,"-5,0,3,5,10,13,16",None
wp_ss_kilo,vessels,Submarine,SS,VariantReference,20,"Default,Variant1-19",Soviet|Poland|Romania|Algeria|India,1980,1988,,3040,72.6,9.9,18.0,"-5,0,3,5,10,15,18",None
wp_ss_romeo,vessels,Submarine,SS,VariantReference,38,"Default,Variant1-37",Soviet|Bulgaria|Syria|Egypt,1959,1987,,1730,76.6,6.7,15,"-5,0,3,5,10,13,15",None
wp_ss_tango,vessels,Submarine,SS,VariantReference,19,"Default,Variant1-18",Soviet,1973,1982,,3600,90.2,8.6,16.0,"-5,0,3,5,10,13,16",None
wp_ssbn_delta3,vessels,Submarine,SSBN,VariantReference,15,"Default,Variant1-14",Soviet,1976,1982,,15950,155,11.7,24.0,"-5,0,5,10,15,20,24",None
wp_ssbn_yankee,vessels,Submarine,SSBN,VariantReference,35,"Default,Variant1-34",Soviet,1967,1967,,11900,132,11.7,27.0,"-5,0,5,10,15,20,27",None
wp_ssgn_charlie1,vessels,Submarine,"SSGN,SSN",VariantReference,11,"Default,Variant1-10",Soviet,1967,1972,,4980,95.6,9.9,26.0,"-5,0,5,10,15,20,26",None
wp_ssgn_charlie2,vessels,Submarine,"SSGN,SSN",VariantReference,7,"Default,Variant1-6",Soviet,1973,1980,"Default,Late",5500,104.9,9.9,24.0,"-5,0,5,10,15,20,24",None
wp_ssgn_echo2,vessels,Submarine,"SSGN,ASuW_VLR",VariantReference,30,"Default,Variant1-29",Soviet,1963,1968,"Default,Late",5760,115.4,9.3,22.0,"-5,0,5,10,15,18,22",None
wp_ssgn_oscar1,vessels,Submarine,"SSGN,ASuW_VLR",VariantReference,3,"Default,Variant1,Variant2",Soviet,1980,1983,,22500,144,18.2,32.0,"-5,0,5,10,15,20,32",None
wp_ssn_alfa,vessels,Submarine,SSN,VariantReference,8,"Default,Variant1-7",Soviet,1971,1981,,3180,81.4,10,41.0,"-7,0,5,10,15,20,41",None
wp_ssn_november,vessels,Submarine,SSN,VariantReference,14,"Default,Variant1-13",Soviet,1958,1964,,4750,107.4,7.9,30.0,"-5,0,5,10,15,20,30",None
wp_ssn_victor1,vessels,Submarine,SSN,VariantReference,16,"Default,Variant1-15",Soviet,1967,1974,,4700,93,10.6,33.5,"-5,0,5,10,15,20,33.5",None
wp_ssn_victor2,vessels,Submarine,SSN,VariantReference,8,"Default,Variant1-7",Soviet,1972,1978,"Default,Late",5500,102,10.8,32,"-5,0,5,10,15,20,32",None
wp_ssn_victor3,vessels,Submarine,SSN,VariantReference,23,"Default,Variant1-22",Soviet,1977,1985,,5900,106,10.8,31,"-5,0,5,10,15,20,31",None
wp_takr_kiev,vessels,Vessel,"CVS,ASuW_VLR",VariantReference,4,"Default,Variant1-3",Soviet,1975,1982,,41370,273,31,32.0,,None
wp_vt_boris_chilikin,vessels,Vessel,RAS,VariantReference,7,"Default,Variant1-6",Soviet,1970,1970,Oil,24460,162.3,21.4,16.0,,None
wp_vt_kazbek,vessels,Vessel,RAS,VariantReference,5,"Default,Variant1-4",Soviet,1955,1955,Oil,16250,145.5,19.2,14,,None
